symbol,index_name,start_date,end_date,company_name,gics_sector,gics_sub_industry,cik,reason_added,reason_removed,source,first_seen_utc,last_seen_utc,consecutive_empty_runs,suspected_delisted,last_data_date
A,SP500,2010-01-01,,Agilent Technologies,Health Care,Life Sciences Tools & Services,0001090872,seed:historical,,fja05680/sp500,2026-09-10 13:08:56.674362+00:00,2026-09-12 14:48:09.608581+00:00,0,False,2026-09-11
AABA,SP500,2010-01-01,2017-06-19,,,,,seed:historical,seed:index_removal,fja05680/sp500,2026-09-10 13:08:56.674362+00:00,2026-09-10 13:08:56.674362+00:00,4,False,
AAL,SP500,2015-03-23,2024-09-23,,,,,seed:historical,seed:index_removal,fja05680/sp500,2026-09-10 13:08:56.674362+00:00,2026-09-10 13:08:56.674362+00:00,0,False,2026-09-11
AAP,SP500,2015-07-09,2023-08-25,,,,,seed:historical,seed:index_removal,fja05680/sp500,2026-09-10 13:08:56.674362+00:00,2026-09-10 13:08:56.674362+00:00,0,False,2026-09-11
AAPL,SP500,2010-01-01,,Apple Inc.,Information Technology,"Technology Hardware, Storage & Peripherals",0000320193,seed:historical,,fja05680/sp500,2026-09-10 13:08:56.674362+00:00,2026-09-12 14:48:09.608581+00:00,0,False,2026-09-11
ABBV,SP500,2013-01-02,,AbbVie,Health Care,Biotechnology,0001551152,seed:historical,,fja05680/sp500,2026-09-10 13:08:56.674362+00:00,2026-09-12 14:48:09.608581+00:00,0,False,2026-09-11
ABC,SP500,2010-01-01,2023-08-30,,,,,seed:historical,seed:index_removal,fja05680/sp500,2026-09-10 13:08:56.674362+00:00,2026-09-10 13:08:56.674362+00:00,4,False,
ABMD,SP500,2018-05-31,2022-12-22,,,,,seed:historical,seed:index_removal,fja05680/sp500,2026-09-10 13:08:56.674362+00:00,2026-09-10 13:08:56.674362+00:00,4,False,
ABNB,SP500,2023-09-18,,Airbnb,Consumer Discretionary,"Hotels, Resorts & Cruise Lines",0001559720,seed:historical,,fja05680/sp500,2026-09-10 13:08:56.674362+00:00,2026-09-12 14:48:09.608581+00:00,0,False,2026-09-11
ABT,SP500,2010-01-01,,Abbott Laboratories,Health Care,Health Care Equipment,0000001800,seed:historical,,fja05680/sp500,2026-09-10 13:08:56.674362+00:00,2026-09-12 14:48:09.608581+00:00,0,False,2026-09-11
ACGL,SP500,2022-11-01,,Arch Capital Group,Financials,Property & Casualty Insurance,0000947484,seed:historical,,fja05680/sp500,2026-09-10 13:08:56.674362+00:00,2026-09-12 14:48:09.608581+00:00,0,False,2026-09-11
ACN,SP500,2011-07-06,,Accenture,Information Technology,IT Consulting & Other Services,0001467373,seed:historical,,fja05680/sp500,2026-09-10 13:08:56.674362+00:00,2026-09-12 14:48:09.608581+00:00,0,False,2026-09-11
ACS,SP500,2010-01-01,2010-02-08,,,,,seed:historical,seed:index_removal,fja05680/sp500,2026-09-10 13:08:56.674362+00:00,2026-09-10 13:08:56.674362+00:00,4,False,
ACWI,ETF,2010-01-01,,iShares MSCI ACWI (all country),,,,config:static_universe,,config,2026-09-10 23:35:33.049470+00:00,2026-09-10 23:35:33.049470+00:00,0,False,2026-09-11
ADBE,SP500,2010-01-01,,Adobe Inc.,Information Technology,Application Software,0000796343,seed:historical,,fja05680/sp500,2026-09-10 13:08:56.674362+00:00,2026-09-12 14:48:09.608581+00:00,0,False,2026-09-11
ADI,SP500,2010-01-01,,Analog Devices,Information Technology,Semiconductors,0000006281,seed:historical,,fja05680/sp500,2026-09-10 13:08:56.674362+00:00,2026-09-12 14:48:09.608581+00:00,0,False,2026-09-11
ADM,SP500,2010-01-01,,Archer Daniels Midland,Consumer Staples,Agricultural Products & Services,0000007084,seed:historical,,fja05680/sp500,2026-09-10 13:08:56.674362+00:00,2026-09-12 14:48:09.608581+00:00,0,False,2026-09-11
ADP,SP500,2010-01-01,,Automatic Data Processing,Industrials,Human Resource & Employment Services,0000008670,seed:historical,,fja05680/sp500,2026-09-10 13:08:56.674362+00:00,2026-09-12 14:48:09.608581+00:00,0,False,2026-09-11
ADS,SP500,2013-12-23,2020-06-22,,,,,seed:historical,seed:index_removal,fja05680/sp500,2026-09-10 13:08:56.674362+00:00,2026-09-10 13:08:56.674362+00:00,4,False,
ADSK,SP500,2010-01-01,,Autodesk,Information Technology,Application Software,0000769397,seed:historical,,fja05680/sp500,2026-09-10 13:08:56.674362+00:00,2026-09-12 14:48:09.608581+00:00,0,False,2026-09-11
ADT,SP500,2012-10-02,2016-05-02,,,,,seed:historical,seed:index_removal,fja05680/sp500,2026-09-10 13:08:56.674362+00:00,2026-09-10 13:08:56.674362+00:00,0,False,2026-09-11
AEE,SP500,2010-01-01,,Ameren,Utilities,Multi-Utilities,0001002910,seed:historical,,fja05680/sp500,2026-09-10 13:08:56.674362+00:00,2026-09-12 14:48:09.608581+00:00,0,False,2026-09-11
AEP,SP500,2010-01-01,,American Electric Power,Utilities,Electric Utilities,0000004904,seed:historical,,fja05680/sp500,2026-09-10 13:08:56.674362+00:00,2026-09-12 14:48:09.608581+00:00,0,False,2026-09-11
AES,SP500,2010-01-01,,AES Corporation,Utilities,Independent Power Producers & Energy Traders,0000874761,seed:historical,,fja05680/sp500,2026-09-10 13:08:56.674362+00:00,2026-09-12 14:48:09.608581+00:00,0,False,2026-09-11
AET,SP500,2010-01-01,2018-11-29,,,,,seed:historical,seed:index_removal,fja05680/sp500,2026-09-10 13:08:56.674362+00:00,2026-09-10 13:08:56.674362+00:00,4,False,
AFL,SP500,2010-01-01,,Aflac,Financials,Life & Health Insurance,0000004977,seed:historical,,fja05680/sp500,2026-09-10 13:08:56.674362+00:00,2026-09-12 14:48:09.608581+00:00,0,False,2026-09-11
AGG,ETF,2010-01-01,,iShares Core US Aggregate Bond,,,,config:static_universe,,config,2026-09-10 23:35:33.049470+00:00,2026-09-10 23:35:33.049470+00:00,0,False,2026-09-11
AGN,SP500,2010-01-01,2020-05-12,,,,,seed:historical,seed:index_removal,fja05680/sp500,2026-09-10 13:08:56.674362+00:00,2026-09-10 13:08:56.674362+00:00,4,False,
AIG,SP500,2010-01-01,,American International Group,Financials,Multi-line Insurance,0000005272,seed:historical,,fja05680/sp500,2026-09-10 13:08:56.674362+00:00,2026-09-12 14:48:09.608581+00:00,0,False,2026-09-11
AIV,SP500,2010-01-01,2020-12-21,,,,,seed:historical,seed:index_removal,fja05680/sp500,2026-09-10 13:08:56.674362+00:00,2026-09-10 13:08:56.674362+00:00,0,False,2026-09-11
AIZ,SP500,2010-01-01,,Assurant,Financials,Multi-line Insurance,0001267238,seed:historical,,fja05680/sp500,2026-09-10 13:08:56.674362+00:00,2026-09-12 14:48:09.608581+00:00,0,False,2026-09-11
AJG,SP500,2016-05-31,,Arthur J. Gallagher & Co.,Financials,Insurance Brokers,0000354190,seed:historical,,fja05680/sp500,2026-09-10 13:08:56.674362+00:00,2026-09-12 14:48:09.608581+00:00,0,False,2026-09-11
AKAM,SP500,2010-01-01,,Akamai Technologies,Information Technology,Internet Services & Infrastructure,0001086222,seed:historical,,fja05680/sp500,2026-09-10 13:08:56.674362+00:00,2026-09-12 14:48:09.608581+00:00,0,False,2026-09-11
AKS,SP500,2010-01-01,2011-12-19,,,,,seed:historical,seed:index_removal,fja05680/sp500,2026-09-10 13:08:56.674362+00:00,2026-09-10 13:08:56.674362+00:00,4,False,
ALB,SP500,2016-07-01,,Albemarle Corporation,Materials,Specialty Chemicals,0000915913,seed:historical,,fja05680/sp500,2026-09-10 13:08:56.674362+00:00,2026-09-12 14:48:09.608581+00:00,0,False,2026-09-11
ALGN,SP500,2017-06-19,,Align Technology,Health Care,Health Care Supplies,0001097149,seed:historical,,fja05680/sp500,2026-09-10 13:08:56.674362+00:00,2026-09-12 14:48:09.608581+00:00,0,False,2026-09-11
ALK,SP500,2016-05-13,2023-12-18,,,,,seed:historical,seed:index_removal,fja05680/sp500,2026-09-10 13:08:56.674362+00:00,2026-09-10 13:08:56.674362+00:00,0,False,2026-09-11
ALL,SP500,2010-01-01,,Allstate,Financials,Property & Casualty Insurance,0000899051,seed:historical,,fja05680/sp500,2026-09-10 13:08:56.674362+00:00,2026-09-12 14:48:09.608581+00:00,0,False,2026-09-11
ALLE,SP500,2013-12-02,,Allegion,Industrials,Building Products,0001579241,seed:historical,,fja05680/sp500,2026-09-10 13:08:56.674362+00:00,2026-09-12 14:48:09.608581+00:00,0,False,2026-09-11
ALTR,SP500,2010-01-01,2015-12-28,,,,,seed:historical,seed:index_removal,fja05680/sp500,2026-09-10 13:08:56.674362+00:00,2026-09-10 13:08:56.674362+00:00,4,False,
ALXN,SP500,2012-05-25,2021-07-21,,,,,seed:historical,seed:index_removal,fja05680/sp500,2026-09-10 13:08:56.674362+00:00,2026-09-10 13:08:56.674362+00:00,4,False,
AMAT,SP500,2010-01-01,,Applied Materials,Information Technology,Semiconductor Materials & Equipment,0000006951,seed:historical,,fja05680/sp500,2026-09-10 13:08:56.674362+00:00,2026-09-12 14:48:09.608581+00:00,0,False,2026-09-11
AMCR,SP500,2019-06-07,,Amcor,Materials,Paper & Plastic Packaging Products & Materials,0001748790,seed:historical,,fja05680/sp500,2026-09-10 13:08:56.674362+00:00,2026-09-12 14:48:09.608581+00:00,0,False,2026-09-11
AMD,SP500,2010-01-01,2013-09-23,Advanced Micro Devices,Information Technology,Semiconductors,0000002488,seed:historical,seed:index_removal,fja05680/sp500,2026-09-10 13:08:56.674362+00:00,2026-09-10 13:08:56.674362+00:00,0,False,
AMD,SP500,2017-03-20,,Advanced Micro Devices,Information Technology,Semiconductors,0000002488,seed:historical,,fja05680/sp500,2026-09-10 13:08:56.674362+00:00,2026-09-12 14:48:09.608581+00:00,0,False,2026-09-11
AME,SP500,2013-09-23,,Ametek,Industrials,Electrical Components & Equipment,0001037868,seed:historical,,fja05680/sp500,2026-09-10 13:08:56.674362+00:00,2026-09-12 14:48:09.608581+00:00,0,False,2026-09-11
AMG,SP500,2014-07-01,2019-12-23,,,,,seed:historical,seed:index_removal,fja05680/sp500,2026-09-10 13:08:56.674362+00:00,2026-09-10 13:08:56.674362+00:00,0,False,2026-09-11
AMGN,SP500,2010-01-01,,Amgen,Health Care,Biotechnology,0000318154,seed:historical,,fja05680/sp500,2026-09-10 13:08:56.674362+00:00,2026-09-12 14:48:09.608581+00:00,0,False,2026-09-11
AMP,SP500,2010-01-01,,Ameriprise Financial,Financials,Asset Management & Custody Banks,0000820027,seed:historical,,fja05680/sp500,2026-09-10 13:08:56.674362+00:00,2026-09-12 14:48:09.608581+00:00,0,False,2026-09-11
AMT,SP500,2010-01-01,,American Tower,Real Estate,Telecom Tower REITs,0001053507,seed:historical,,fja05680/sp500,2026-09-10 13:08:56.674362+00:00,2026-09-12 14:48:09.608581+00:00,0,False,2026-09-11
AMTM,SP500,2024-09-30,2024-12-23,,,,,seed:historical,seed:index_removal,fja05680/sp500,2026-09-10 13:08:56.674362+00:00,2026-09-10 13:08:56.674362+00:00,0,False,2026-09-11
AMZN,SP500,2010-01-01,,Amazon,Consumer Discretionary,Broadline Retail,0001018724,seed:historical,,fja05680/sp500,2026-09-10 13:08:56.674362+00:00,2026-09-12 14:48:09.608581+00:00,0,False,2026-09-11
AN,SP500,2010-01-01,2017-08-08,,,,,seed:historical,seed:index_removal,fja05680/sp500,2026-09-10 13:08:56.674362+00:00,2026-09-10 13:08:56.674362+00:00,0,False,2026-09-11
ANDV,SP500,2010-01-01,2018-10-01,,,,,seed:historical,seed:index_removal,fja05680/sp500,2026-09-10 13:08:56.674362+00:00,2026-09-10 13:08:56.674362+00:00,4,False,
ANET,SP500,2018-08-28,,Arista Networks,Information Technology,Communications Equipment,0001596532,seed:historical,,fja05680/sp500,2026-09-10 13:08:56.674362+00:00,2026-09-12 14:48:09.608581+00:00,0,False,2026-09-11
ANF,SP500,2010-01-01,2013-12-23,,,,,seed:historical,seed:index_removal,fja05680/sp500,2026-09-10 13:08:56.674362+00:00,2026-09-10 13:08:56.674362+00:00,0,False,2026-09-11
ANRZQ,SP500,2011-06-02,2012-10-02,,,,,seed:historical,seed:index_removal,fja05680/sp500,2026-09-10 13:08:56.674362+00:00,2026-09-10 13:08:56.674362+00:00,4,False,
ANSS,SP500,2017-06-19,2025-07-18,,,,,seed:historical,seed:index_removal,fja05680/sp500,2026-09-10 13:08:56.674362+00:00,2026-09-10 13:08:56.674362+00:00,4,False,
ANTM,SP500,2010-01-01,2022-06-28,,,,,seed:historical,seed:index_removal,fja05680/sp500,2026-09-10 13:08:56.674362+00:00,2026-09-10 13:08:56.674362+00:00,4,False,
AON,SP500,2010-01-01,,Aon plc,Financials,Insurance Brokers,0000315293,seed:historical,,fja05680/sp500,2026-09-10 13:08:56.674362+00:00,2026-09-12 14:48:09.608581+00:00,0,False,2026-09-11
AOS,SP500,2017-07-26,,A. O. Smith,Industrials,Building Products,0000091142,seed:historical,,fja05680/sp500,2026-09-10 13:08:56.674362+00:00,2026-09-12 14:48:09.608581+00:00,0,False,2026-09-11
APA,SP500,2010-01-01,,APA Corporation,Energy,Oil & Gas Exploration & Production,0001841666,seed:historical,,fja05680/sp500,2026-09-10 13:08:56.674362+00:00,2026-09-12 14:48:09.608581+00:00,0,False,2026-09-11
APC,SP500,2010-01-01,2019-08-09,,,,,seed:historical,seed:index_removal,fja05680/sp500,2026-09-10 13:08:56.674362+00:00,2026-09-10 13:08:56.674362+00:00,0,False,2026-09-11
APD,SP500,2010-01-01,,Air Products,Materials,Industrial Gases,0000002969,seed:historical,,fja05680/sp500,2026-09-10 13:08:56.674362+00:00,2026-09-12 14:48:09.608581+00:00,0,False,2026-09-11
APH,SP500,2010-01-01,,Amphenol,Information Technology,Electronic Components,0000820313,seed:historical,,fja05680/sp500,2026-09-10 13:08:56.674362+00:00,2026-09-12 14:48:09.608581+00:00,0,False,2026-09-11
APO,SP500,2024-12-23,,Apollo Global Management,Financials,Asset Management & Custody Banks,0001858681,seed:historical,,fja05680/sp500,2026-09-10 13:08:56.674362+00:00,2026-09-12 14:48:09.608581+00:00,0,False,2026-09-11
APOL,SP500,2010-01-01,2013-07-01,,,,,seed:historical,seed:index_removal,fja05680/sp500,2026-09-10 13:08:56.674362+00:00,2026-09-10 13:08:56.674362+00:00,4,False,
APP,SP500,2025-09-22,,AppLovin,Communication Services,Advertising,0001751008,seed:historical,,fja05680/sp500,2026-09-10 13:08:56.674362+00:00,2026-09-12 14:48:09.608581+00:00,0,False,2026-09-11
APTV,SP500,2012-12-24,,Aptiv,Consumer Discretionary,Automotive Parts & Equipment,0001521332,seed:historical,,fja05680/sp500,2026-09-10 13:08:56.674362+00:00,2026-09-12 14:48:09.608581+00:00,0,False,2026-09-11
ARE,SP500,2017-03-20,,Alexandria Real Estate Equities,Real Estate,Office REITs,0001035443,seed:historical,,fja05680/sp500,2026-09-10 13:08:56.674362+00:00,2026-09-12 14:48:09.608581+00:00,0,False,2026-09-11
ARES,SP500,2025-12-11,,Ares Management,Financials,Asset Management & Custody Banks,0001176948,seed:historical,,fja05680/sp500,2026-09-10 13:08:56.674362+00:00,2026-09-12 14:48:09.608581+00:00,0,False,2026-09-11
ARG,SP500,2010-01-01,2016-05-23,,,,,seed:historical,seed:index_removal,fja05680/sp500,2026-09-10 13:08:56.674362+00:00,2026-09-10 13:08:56.674362+00:00,4,False,
ARNC,SP500,2010-01-01,2020-04-06,,,,,seed:historical,seed:index_removal,fja05680/sp500,2026-09-10 13:08:56.674362+00:00,2026-09-10 13:08:56.674362+00:00,4,False,
ATGE,SP500,2010-01-01,2012-10-01,,,,,seed:historical,seed:index_removal,fja05680/sp500,2026-09-10 13:08:56.674362+00:00,2026-09-10 13:08:56.674362+00:00,4,False,
ATI,SP500,2010-01-01,2015-07-02,,,,,seed:historical,seed:index_removal,fja05680/sp500,2026-09-10 13:08:56.674362+00:00,2026-09-10 13:08:56.674362+00:00,0,False,2026-09-11
ATO,SP500,2019-02-15,,Atmos Energy,Utilities,Gas Utilities,0000731802,seed:historical,,fja05680/sp500,2026-09-10 13:08:56.674362+00:00,2026-09-12 14:48:09.608581+00:00,0,False,2026-09-11
ATVI,SP500,2015-08-31,2023-10-18,,,,,seed:historical,seed:index_removal,fja05680/sp500,2026-09-10 13:08:56.674362+00:00,2026-09-10 13:08:56.674362+00:00,4,False,
AVB,SP500,2010-01-01,2026-08-18,,,,,seed:historical,seed:index_removal,fja05680/sp500,2026-09-10 13:08:56.674362+00:00,2026-09-10 13:08:56.674362+00:00,4,False,
AVGO,SP500,2014-05-08,,Broadcom,Information Technology,Semiconductors,0001730168,seed:historical,,fja05680/sp500,2026-09-10 13:08:56.674362+00:00,2026-09-12 14:48:09.608581+00:00,0,False,2026-09-11
AVP,SP500,2010-01-01,2015-03-23,,,,,seed:historical,seed:index_removal,fja05680/sp500,2026-09-10 13:08:56.674362+00:00,2026-09-10 13:08:56.674362+00:00,4,False,
AVY,SP500,2010-01-01,,Avery Dennison,Materials,Paper & Plastic Packaging Products & Materials,0000008818,seed:historical,,fja05680/sp500,2026-09-10 13:08:56.674362+00:00,2026-09-12 14:48:09.608581+00:00,0,False,2026-09-11
AWK,SP500,2016-03-04,,American Water Works,Utilities,Water Utilities,0001410636,seed:historical,,fja05680/sp500,2026-09-10 13:08:56.674362+00:00,2026-09-12 14:48:09.608581+00:00,0,False,2026-09-11
AXON,SP500,2023-05-04,,Axon Enterprise,Industrials,Aerospace & Defense,0001069183,seed:historical,,fja05680/sp500,2026-09-10 13:08:56.674362+00:00,2026-09-12 14:48:09.608581+00:00,0,False,2026-09-11
AXP,SP500,2010-01-01,,American Express,Financials,Consumer Finance,0000004962,seed:historical,,fja05680/sp500,2026-09-10 13:08:56.674362+00:00,2026-09-12 14:48:09.608581+00:00,0,False,2026-09-11
AYE,SP500,2010-01-01,2011-02-28,,,,,seed:historical,seed:index_removal,fja05680/sp500,2026-09-10 13:08:56.674362+00:00,2026-09-10 13:08:56.674362+00:00,4,False,
AYI,SP500,2016-05-03,2018-06-18,,,,,seed:historical,seed:index_removal,fja05680/sp500,2026-09-10 13:08:56.674362+00:00,2026-09-10 13:08:56.674362+00:00,0,False,2026-09-11
AZO,SP500,2010-01-01,,AutoZone,Consumer Discretionary,Automotive Retail,0000866787,seed:historical,,fja05680/sp500,2026-09-10 13:08:56.674362+00:00,2026-09-12 14:48:09.608581+00:00,0,False,2026-09-11
BA,SP500,2010-01-01,,Boeing,Industrials,Aerospace & Defense,0000012927,seed:historical,,fja05680/sp500,2026-09-10 13:08:56.674362+00:00,2026-09-12 14:48:09.608581+00:00,0,False,2026-09-11
BAC,SP500,2010-01-01,,Bank of America,Financials,Diversified Banks,0000070858,seed:historical,,fja05680/sp500,2026-09-10 13:08:56.674362+00:00,2026-09-12 14:48:09.608581+00:00,0,False,2026-09-11
BALL,SP500,2022-05-10,,Ball Corporation,Materials,"Metal, Glass & Plastic Containers",0000009389,seed:historical,,fja05680/sp500,2026-09-10 13:08:56.674362+00:00,2026-09-12 14:48:09.608581+00:00,0,False,2026-09-11
BAX,SP500,2010-01-01,,Baxter International,Health Care,Health Care Equipment,0000010456,seed:historical,,fja05680/sp500,2026-09-10 13:08:56.674362+00:00,2026-09-12 14:48:09.608581+00:00,0,False,2026-09-11
BBBY,SP500,2010-01-01,2017-07-26,,,,,seed:historical,seed:index_removal,fja05680/sp500,2026-09-10 13:08:56.674362+00:00,2026-09-10 13:08:56.674362+00:00,0,False,2026-09-11
BBT,SP500,2010-01-01,2019-12-09,,,,,seed:historical,seed:index_removal,fja05680/sp500,2026-09-10 13:08:56.674362+00:00,2026-09-10 13:08:56.674362+00:00,0,False,2026-09-11
BBWI,SP500,2021-08-03,2024-10-01,,,,,seed:historical,seed:index_removal,fja05680/sp500,2026-09-10 13:08:56.674362+00:00,2026-09-10 13:08:56.674362+00:00,0,False,2026-09-11
BBY,SP500,2010-01-01,,Best Buy,Consumer Discretionary,Computer & Electronics Retail,0000764478,seed:historical,,fja05680/sp500,2026-09-10 13:08:56.674362+00:00,2026-09-12 14:48:09.608581+00:00,0,False,2026-09-11
BCR,SP500,2010-01-01,2017-12-29,,,,,seed:historical,seed:index_removal,fja05680/sp500,2026-09-10 13:08:56.674362+00:00,2026-09-10 13:08:56.674362+00:00,4,False,
BDK,SP500,2010-01-01,2010-03-15,,,,,seed:historical,seed:index_removal,fja05680/sp500,2026-09-10 13:08:56.674362+00:00,2026-09-10 13:08:56.674362+00:00,4,False,
BDX,SP500,2010-01-01,,Becton Dickinson,Health Care,Health Care Equipment,0000010795,seed:historical,,fja05680/sp500,2026-09-10 13:08:56.674362+00:00,2026-09-12 14:48:09.608581+00:00,0,False,2026-09-11
BEAM,SP500,2010-01-01,2014-05-01,,,,,seed:historical,seed:index_removal,fja05680/sp500,2026-09-10 13:08:56.674362+00:00,2026-09-10 13:08:56.674362+00:00,0,False,2026-09-11
BEN,SP500,2010-01-01,,Franklin Resources,Financials,Asset Management & Custody Banks,0000038777,seed:historical,,fja05680/sp500,2026-09-10 13:08:56.674362+00:00,2026-09-12 14:48:09.608581+00:00,0,False,2026-09-11
BF.B,SP500,2010-01-01,,Brown–Forman,Consumer Staples,Distillers & Vintners,0000014693,seed:historical,,fja05680/sp500,2026-09-10 13:08:56.674362+00:00,2026-09-12 14:48:09.608581+00:00,0,False,2026-09-11
BG,SP500,2023-03-15,,Bunge Global,Consumer Staples,Agricultural Products & Services,0001996862,seed:historical,,fja05680/sp500,2026-09-10 13:08:56.674362+00:00,2026-09-12 14:48:09.608581+00:00,0,False,2026-09-11
BHF,SP500,2017-08-07,2019-04-02,,,,,seed:historical,seed:index_removal,fja05680/sp500,2026-09-10 13:08:56.674362+00:00,2026-09-10 13:08:56.674362+00:00,0,False,2026-09-11
BHGE,SP500,2010-01-01,2019-10-18,,,,,seed:historical,seed:index_removal,fja05680/sp500,2026-09-10 13:08:56.674362+00:00,2026-09-10 13:08:56.674362+00:00,4,False,
BIG,SP500,2010-01-01,2013-02-14,,,,,seed:historical,seed:index_removal,fja05680/sp500,2026-09-10 13:08:56.674362+00:00,2026-09-10 13:08:56.674362+00:00,4,False,
BIIB,SP500,2010-01-01,,Biogen,Health Care,Biotechnology,0000875045,seed:historical,,fja05680/sp500,2026-09-10 13:08:56.674362+00:00,2026-09-12 14:48:09.608581+00:00,0,False,2026-09-11
BIO,SP500,2020-06-22,2024-09-23,,,,,seed:historical,seed:index_removal,fja05680/sp500,2026-09-10 13:08:56.674362+00:00,2026-09-10 13:08:56.674362+00:00,0,False,2026-09-11
BJS,SP500,2010-01-01,2010-04-29,,,,,seed:historical,seed:index_removal,fja05680/sp500,2026-09-10 13:08:56.674362+00:00,2026-09-10 13:08:56.674362+00:00,4,False,
BK,SP500,2010-01-01,2026-05-21,,,,,seed:historical,seed:index_removal,fja05680/sp500,2026-09-10 13:08:56.674362+00:00,2026-09-10 13:08:56.674362+00:00,4,False,
BKNG,SP500,2010-01-01,,Booking Holdings,Consumer Discretionary,"Hotels, Resorts & Cruise Lines",0001075531,seed:historical,,fja05680/sp500,2026-09-10 13:08:56.674362+00:00,2026-09-12 14:48:09.608581+00:00,0,False,2026-09-11
BKR,SP500,2019-10-18,,Baker Hughes,Energy,Oil & Gas Equipment & Services,0001701605,seed:historical,,fja05680/sp500,2026-09-10 13:08:56.674362+00:00,2026-09-12 14:48:09.608581+00:00,0,False,2026-09-11
BLDR,SP500,2023-12-18,,Builders FirstSource,Industrials,Building Products,0001316835,seed:historical,,fja05680/sp500,2026-09-10 13:08:56.674362+00:00,2026-09-12 14:48:09.608581+00:00,0,False,2026-09-11
BLK,SP500,2011-04-04,,BlackRock,Financials,Asset Management & Custody Banks,0002012383,seed:historical,,fja05680/sp500,2026-09-10 13:08:56.674362+00:00,2026-09-12 14:48:09.608581+00:00,0,False,2026-09-11
BLL,SP500,2010-01-01,2022-05-10,,,,,seed:historical,seed:index_removal,fja05680/sp500,2026-09-10 13:08:56.674362+00:00,2026-09-10 13:08:56.674362+00:00,4,False,
BMC,SP500,2010-01-01,2013-09-11,,,,,seed:historical,seed:index_removal,fja05680/sp500,2026-09-10 13:08:56.674362+00:00,2026-09-10 13:08:56.674362+00:00,4,False,
BMS,SP500,2010-01-01,2014-12-05,,,,,seed:historical,seed:index_removal,fja05680/sp500,2026-09-10 13:08:56.674362+00:00,2026-09-10 13:08:56.674362+00:00,4,False,
BMY,SP500,2010-01-01,,Bristol Myers Squibb,Health Care,Pharmaceuticals,0000014272,seed:historical,,fja05680/sp500,2026-09-10 13:08:56.674362+00:00,2026-09-12 14:48:09.608581+00:00,0,False,2026-09-11
BNI,SP500,2010-01-01,2010-02-16,,,,,seed:historical,seed:index_removal,fja05680/sp500,2026-09-10 13:08:56.674362+00:00,2026-09-10 13:08:56.674362+00:00,4,False,
BNY,SP500,2026-05-21,,BNY Mellon,Financials,Asset Management & Custody Banks,0001390777,seed:historical,,fja05680/sp500,2026-09-10 13:08:56.674362+00:00,2026-09-12 14:48:09.608581+00:00,0,False,2026-09-11
BR,SP500,2018-06-18,,Broadridge Financial Solutions,Industrials,Data Processing & Outsourced Services,0001383312,seed:historical,,fja05680/sp500,2026-09-10 13:08:56.674362+00:00,2026-09-12 14:48:09.608581+00:00,0,False,2026-09-11
BRCM,SP500,2010-01-01,2016-02-01,,,,,seed:historical,seed:index_removal,fja05680/sp500,2026-09-10 13:08:56.674362+00:00,2026-09-10 13:08:56.674362+00:00,4,False,
BRK.B,SP500,2010-02-16,,Berkshire Hathaway,Financials,Multi-Sector Holdings,0001067983,seed:historical,,fja05680/sp500,2026-09-10 13:08:56.674362+00:00,2026-09-12 14:48:09.608581+00:00,0,False,2026-09-11
BRO,SP500,2021-09-20,,Brown & Brown,Financials,Insurance Brokers,0000079282,seed:historical,,fja05680/sp500,2026-09-10 13:08:56.674362+00:00,2026-09-12 14:48:09.608581+00:00,0,False,2026-09-11
BSX,SP500,2010-01-01,,Boston Scientific,Health Care,Health Care Equipment,0000885725,seed:historical,,fja05680/sp500,2026-09-10 13:08:56.674362+00:00,2026-09-12 14:48:09.608581+00:00,0,False,2026-09-11
BTUUQ,SP500,2010-01-01,2014-09-22,,,,,seed:historical,seed:index_removal,fja05680/sp500,2026-09-10 13:08:56.674362+00:00,2026-09-10 13:08:56.674362+00:00,4,False,
BWA,SP500,2011-12-19,2025-03-24,,,,,seed:historical,seed:index_removal,fja05680/sp500,2026-09-10 13:08:56.674362+00:00,2026-09-10 13:08:56.674362+00:00,0,False,2026-09-11
BX,SP500,2023-09-18,,Blackstone Inc.,Financials,Asset Management & Custody Banks,0001393818,seed:historical,,fja05680/sp500,2026-09-10 13:08:56.674362+00:00,2026-09-12 14:48:09.608581+00:00,0,False,2026-09-11
BXLT,SP500,2015-07-01,2016-06-03,,,,,seed:historical,seed:index_removal,fja05680/sp500,2026-09-10 13:08:56.674362+00:00,2026-09-10 13:08:56.674362+00:00,4,False,
BXP,SP500,2010-01-01,,"BXP, Inc.",Real Estate,Office REITs,0001037540,seed:historical,,fja05680/sp500,2026-09-10 13:08:56.674362+00:00,2026-09-12 14:48:09.608581+00:00,0,False,2026-09-11
C,SP500,2010-01-01,,Citigroup,Financials,Diversified Banks,0000831001,seed:historical,,fja05680/sp500,2026-09-10 13:08:56.674362+00:00,2026-09-12 14:48:09.608581+00:00,0,False,2026-09-11
CA,SP500,2010-01-01,2018-11-06,,,,,seed:historical,seed:index_removal,fja05680/sp500,2026-09-10 13:08:56.674362+00:00,2026-09-10 13:08:56.674362+00:00,4,False,
CAG,SP500,2010-01-01,2026-06-30,,,,,seed:historical,seed:index_removal,fja05680/sp500,2026-09-10 13:08:56.674362+00:00,2026-09-10 13:08:56.674362+00:00,0,False,2026-09-11
CAH,SP500,2010-01-01,,Cardinal Health,Health Care,Health Care Distributors,0000721371,seed:historical,,fja05680/sp500,2026-09-10 13:08:56.674362+00:00,2026-09-12 14:48:09.608581+00:00,0,False,2026-09-11
CAM,SP500,2010-01-01,2016-04-04,,,,,seed:historical,seed:index_removal,fja05680/sp500,2026-09-10 13:08:56.674362+00:00,2026-09-10 13:08:56.674362+00:00,0,False,2026-09-11
CARR,SP500,2020-04-03,,Carrier Global,Industrials,Building Products,0001783180,seed:historical,,fja05680/sp500,2026-09-10 13:08:56.674362+00:00,2026-09-12 14:48:09.608581+00:00,0,False,2026-09-11
CASY,SP500,2026-04-09,,Casey's,Consumer Staples,Food Retail,0000726958,seed:historical,,fja05680/sp500,2026-09-10 13:08:56.674362+00:00,2026-09-12 14:48:09.608581+00:00,0,False,2026-09-11
CAT,SP500,2010-01-01,,Caterpillar Inc.,Industrials,Construction Machinery & Heavy Transportation Equipment,0000018230,seed:historical,,fja05680/sp500,2026-09-10 13:08:56.674362+00:00,2026-09-12 14:48:09.608581+00:00,0,False,2026-09-11
CB,SP500,2010-01-01,,Chubb Limited,Financials,Property & Casualty Insurance,0000896159,seed:historical,,fja05680/sp500,2026-09-10 13:08:56.674362+00:00,2026-09-12 14:48:09.608581+00:00,0,False,2026-09-11
CBE,SP500,2011-11-23,2012-12-03,,,,,seed:historical,seed:index_removal,fja05680/sp500,2026-09-10 13:08:56.674362+00:00,2026-09-10 13:08:56.674362+00:00,4,False,
CBOE,SP500,2017-03-01,,Cboe Global Markets,Financials,Financial Exchanges & Data,0001374310,seed:historical,,fja05680/sp500,2026-09-10 13:08:56.674362+00:00,2026-09-12 14:48:09.608581+00:00,0,False,2026-09-11
CBRE,SP500,2010-01-01,,CBRE Group,Real Estate,Real Estate Services,0001138118,seed:historical,,fja05680/sp500,2026-09-10 13:08:56.674362+00:00,2026-09-12 14:48:09.608581+00:00,0,False,2026-09-11
CBS,SP500,2010-01-01,2019-12-05,,,,,seed:historical,seed:index_removal,fja05680/sp500,2026-09-10 13:08:56.674362+00:00,2026-09-10 13:08:56.674362+00:00,4,False,
CCE,SP500,2010-01-01,2016-05-31,,,,,seed:historical,seed:index_removal,fja05680/sp500,2026-09-10 13:08:56.674362+00:00,2026-09-10 13:08:56.674362+00:00,4,False,
CCEP,SP500,2016-01-04,2016-05-31,,,,,seed:historical,seed:index_removal,fja05680/sp500,2026-09-10 13:08:56.674362+00:00,2026-09-10 13:08:56.674362+00:00,0,False,2026-09-11
CCI,SP500,2012-03-13,,Crown Castle,Real Estate,Telecom Tower REITs,0001051470,seed:historical,,fja05680/sp500,2026-09-10 13:08:56.674362+00:00,2026-09-12 14:48:09.608581+00:00,0,False,2026-09-11
CCL,SP500,2010-01-01,,Carnival Corporation,Consumer Discretionary,"Hotels, Resorts & Cruise Lines",0000815097,seed:historical,,fja05680/sp500,2026-09-10 13:08:56.674362+00:00,2026-09-12 14:48:09.608581+00:00,0,False,2026-09-11
CDAY,SP500,2021-09-20,2024-02-01,,,,,seed:historical,seed:index_removal,fja05680/sp500,2026-09-10 13:08:56.674362+00:00,2026-09-10 13:08:56.674362+00:00,4,False,
CDNS,SP500,2017-09-18,,Cadence Design Systems,Information Technology,Application Software,0000813672,seed:historical,,fja05680/sp500,2026-09-10 13:08:56.674362+00:00,2026-09-12 14:48:09.608581+00:00,0,False,2026-09-11
CDW,SP500,2019-09-23,,CDW Corporation,Information Technology,Technology Distributors,0001402057,seed:historical,,fja05680/sp500,2026-09-10 13:08:56.674362+00:00,2026-09-12 14:48:09.608581+00:00,0,False,2026-09-11
CE,SP500,2018-12-24,2025-03-24,,,,,seed:historical,seed:index_removal,fja05680/sp500,2026-09-10 13:08:56.674362+00:00,2026-09-10 13:08:56.674362+00:00,0,False,2026-09-11
CEG,SP500,2010-01-01,2012-03-13,Constellation Energy,Utilities,Electric Utilities,0001868275,seed:historical,seed:index_removal,fja05680/sp500,2026-09-10 13:08:56.674362+00:00,2026-09-10 13:08:56.674362+00:00,0,False,
CEG,SP500,2022-02-02,,Constellation Energy,Utilities,Electric Utilities,0001868275,seed:historical,,fja05680/sp500,2026-09-10 13:08:56.674362+00:00,2026-09-12 14:48:09.608581+00:00,0,False,2026-09-11
CELG,SP500,2010-01-01,2019-11-21,,,,,seed:historical,seed:index_removal,fja05680/sp500,2026-09-10 13:08:56.674362+00:00,2026-09-10 13:08:56.674362+00:00,4,False,
CEPH,SP500,2010-01-01,2011-10-14,,,,,seed:historical,seed:index_removal,fja05680/sp500,2026-09-10 13:08:56.674362+00:00,2026-09-10 13:08:56.674362+00:00,4,False,
CERN,SP500,2010-04-30,2022-06-08,,,,,seed:historical,seed:index_removal,fja05680/sp500,2026-09-10 13:08:56.674362+00:00,2026-09-10 13:08:56.674362+00:00,4,False,
CF,SP500,2010-01-01,,CF Industries,Materials,Fertilizers & Agricultural Chemicals,0001324404,seed:historical,,fja05680/sp500,2026-09-10 13:08:56.674362+00:00,2026-09-12 14:48:09.608581+00:00,0,False,2026-09-11
CFG,SP500,2016-02-01,,Citizens Financial Group,Financials,Regional Banks,0000759944,seed:historical,,fja05680/sp500,2026-09-10 13:08:56.674362+00:00,2026-09-12 14:48:09.608581+00:00,0,False,2026-09-11
CFN,SP500,2010-01-01,2015-03-17,,,,,seed:historical,seed:index_removal,fja05680/sp500,2026-09-10 13:08:56.674362+00:00,2026-09-10 13:08:56.674362+00:00,4,False,
CHD,SP500,2015-12-29,,Church & Dwight,Consumer Staples,Household Products,0000313927,seed:historical,,fja05680/sp500,2026-09-10 13:08:56.674362+00:00,2026-09-12 14:48:09.608581+00:00,0,False,2026-09-11
CHK,SP500,2010-01-01,2018-03-19,,,,,seed:historical,seed:index_removal,fja05680/sp500,2026-09-10 13:08:56.674362+00:00,2026-09-10 13:08:56.674362+00:00,4,False,
CHRW,SP500,2010-01-01,,C.H. Robinson,Industrials,Air Freight & Logistics,0001043277,seed:historical,,fja05680/sp500,2026-09-10 13:08:56.674362+00:00,2026-09-12 14:48:09.608581+00:00,0,False,2026-09-11
CHTR,SP500,2016-09-08,,Charter Communications,Communication Services,Cable & Satellite,0001091667,seed:historical,,fja05680/sp500,2026-09-10 13:08:56.674362+00:00,2026-09-12 14:48:09.608581+00:00,0,False,2026-09-11
CI,SP500,2010-01-01,,Cigna,Health Care,Health Care Services,0001739940,seed:historical,,fja05680/sp500,2026-09-10 13:08:56.674362+00:00,2026-09-12 14:48:09.608581+00:00,0,False,2026-09-11
CIEN,SP500,2026-02-09,,Ciena,Information Technology,Communications Equipment,0000936395,seed:historical,,fja05680/sp500,2026-09-10 13:08:56.674362+00:00,2026-09-12 14:48:09.608581+00:00,0,False,2026-09-11
CINF,SP500,2010-01-01,,Cincinnati Financial,Financials,Property & Casualty Insurance,0000020286,seed:historical,,fja05680/sp500,2026-09-10 13:08:56.674362+00:00,2026-09-12 14:48:09.608581+00:00,0,False,2026-09-11
CL,SP500,2010-01-01,,Colgate-Palmolive,Consumer Staples,Household Products,0000021665,seed:historical,,fja05680/sp500,2026-09-10 13:08:56.674362+00:00,2026-09-12 14:48:09.608581+00:00,0,False,2026-09-11
CLF,SP500,2010-01-01,2014-04-02,,,,,seed:historical,seed:index_removal,fja05680/sp500,2026-09-10 13:08:56.674362+00:00,2026-09-10 13:08:56.674362+00:00,0,False,2026-09-11
CLX,SP500,2010-01-01,,Clorox,Consumer Staples,Household Products,0000021076,seed:historical,,fja05680/sp500,2026-09-10 13:08:56.674362+00:00,2026-09-12 14:48:09.608581+00:00,0,False,2026-09-11
CMA,SP500,2010-01-01,2024-06-24,,,,,seed:historical,seed:index_removal,fja05680/sp500,2026-09-10 13:08:56.674362+00:00,2026-09-10 13:08:56.674362+00:00,4,False,
CMCSA,SP500,2010-01-01,,Comcast,Communication Services,Cable & Satellite,0001166691,seed:historical,,fja05680/sp500,2026-09-10 13:08:56.674362+00:00,2026-09-12 14:48:09.608581+00:00,0,False,2026-09-11
CMCSK,SP500,2015-09-21,2015-12-14,,,,,seed:historical,seed:index_removal,fja05680/sp500,2026-09-10 13:08:56.674362+00:00,2026-09-10 13:08:56.674362+00:00,4,False,
CME,SP500,2010-01-01,,CME Group,Financials,Financial Exchanges & Data,0001156375,seed:historical,,fja05680/sp500,2026-09-10 13:08:56.674362+00:00,2026-09-12 14:48:09.608581+00:00,0,False,2026-09-11
CMG,SP500,2011-04-28,,Chipotle Mexican Grill,Consumer Discretionary,Restaurants,0001058090,seed:historical,,fja05680/sp500,2026-09-10 13:08:56.674362+00:00,2026-09-12 14:48:09.608581+00:00,0,False,2026-09-11
CMI,SP500,2010-01-01,,Cummins,Industrials,Construction Machinery & Heavy Transportation Equipment,0000026172,seed:historical,,fja05680/sp500,2026-09-10 13:08:56.674362+00:00,2026-09-12 14:48:09.608581+00:00,0,False,2026-09-11
CMS,SP500,2010-01-01,,CMS Energy,Utilities,Multi-Utilities,0000811156,seed:historical,,fja05680/sp500,2026-09-10 13:08:56.674362+00:00,2026-09-12 14:48:09.608581+00:00,0,False,2026-09-11
CNC,SP500,2016-03-30,,Centene Corporation,Health Care,Managed Health Care,0001071739,seed:historical,,fja05680/sp500,2026-09-10 13:08:56.674362+00:00,2026-09-12 14:48:09.608581+00:00,0,False,2026-09-11
CNP,SP500,2010-01-01,,CenterPoint Energy,Utilities,Multi-Utilities,0001130310,seed:historical,,fja05680/sp500,2026-09-10 13:08:56.674362+00:00,2026-09-12 14:48:09.608581+00:00,0,False,2026-09-11
CNX,SP500,2010-01-01,2016-03-04,,,,,seed:historical,seed:index_removal,fja05680/sp500,2026-09-10 13:08:56.674362+00:00,2026-09-10 13:08:56.674362+00:00,0,False,2026-09-11
COF,SP500,2010-01-01,,Capital One,Financials,Consumer Finance,0000927628,seed:historical,,fja05680/sp500,2026-09-10 13:08:56.674362+00:00,2026-09-12 14:48:09.608581+00:00,0,False,2026-09-11
COG,SP500,2010-01-01,2021-10-04,,,,,seed:historical,seed:index_removal,fja05680/sp500,2026-09-10 13:08:56.674362+00:00,2026-09-10 13:08:56.674362+00:00,4,False,
COHR,SP500,2026-03-23,,Coherent Corp.,Information Technology,Electronic Components,0000820318,seed:historical,,fja05680/sp500,2026-09-10 13:08:56.674362+00:00,2026-09-12 14:48:09.608581+00:00,0,False,2026-09-11
COIN,SP500,2025-05-19,,Coinbase,Financials,Financial Exchanges & Data,0001679788,seed:historical,,fja05680/sp500,2026-09-10 13:08:56.674362+00:00,2026-09-12 14:48:09.608581+00:00,0,False,2026-09-11
COL,SP500,2010-01-01,2018-11-27,,,,,seed:historical,seed:index_removal,fja05680/sp500,2026-09-10 13:08:56.674362+00:00,2026-09-10 13:08:56.674362+00:00,4,False,
COO,SP500,2016-09-23,,Cooper Companies (The),Health Care,Health Care Supplies,0000711404,seed:historical,,fja05680/sp500,2026-09-10 13:08:56.674362+00:00,2026-09-12 14:48:09.608581+00:00,0,False,2026-09-11
COP,SP500,2010-01-01,,ConocoPhillips,Energy,Oil & Gas Exploration & Production,0001163165,seed:historical,,fja05680/sp500,2026-09-10 13:08:56.674362+00:00,2026-09-12 14:48:09.608581+00:00,0,False,2026-09-11
COR,SP500,2023-08-30,,Cencora,Health Care,Health Care Distributors,0001140859,seed:historical,,fja05680/sp500,2026-09-10 13:08:56.674362+00:00,2026-09-12 14:48:09.608581+00:00,0,False,2026-09-11
COST,SP500,2010-01-01,,Costco,Consumer Staples,Consumer Staples Merchandise Retail,0000909832,seed:historical,,fja05680/sp500,2026-09-10 13:08:56.674362+00:00,2026-09-12 14:48:09.608581+00:00,0,False,2026-09-11
COTY,SP500,2016-10-03,2020-09-21,,,,,seed:historical,seed:index_removal,fja05680/sp500,2026-09-10 13:08:56.674362+00:00,2026-09-10 13:08:56.674362+00:00,0,False,2026-09-11
COV,SP500,2011-03-01,2015-01-27,,,,,seed:historical,seed:index_removal,fja05680/sp500,2026-09-10 13:08:56.674362+00:00,2026-09-10 13:08:56.674362+00:00,4,False,
CPAY,SP500,2024-03-25,,Corpay,Financials,Transaction & Payment Processing Services,0001175454,seed:historical,,fja05680/sp500,2026-09-10 13:08:56.674362+00:00,2026-09-12 14:48:09.608581+00:00,0,False,2026-09-11
CPB,SP500,2010-01-01,2026-06-22,,,,,seed:historical,seed:index_removal,fja05680/sp500,2026-09-10 13:08:56.674362+00:00,2026-09-10 13:08:56.674362+00:00,0,False,2026-09-11
CPGX,SP500,2015-07-02,2016-07-01,,,,,seed:historical,seed:index_removal,fja05680/sp500,2026-09-10 13:08:56.674362+00:00,2026-09-10 13:08:56.674362+00:00,4,False,
CPRI,SP500,2016-01-04,2020-05-12,,,,,seed:historical,seed:index_removal,fja05680/sp500,2026-09-10 13:08:56.674362+00:00,2026-09-10 13:08:56.674362+00:00,0,False,2026-09-11
CPRT,SP500,2018-07-02,,Copart,Industrials,Diversified Support Services,0000900075,seed:historical,,fja05680/sp500,2026-09-10 13:08:56.674362+00:00,2026-09-12 14:48:09.608581+00:00,0,False,2026-09-11
CPT,SP500,2022-04-04,,Camden Property Trust,Real Estate,Multi-Family Residential REITs,0000906345,seed:historical,,fja05680/sp500,2026-09-10 13:08:56.674362+00:00,2026-09-12 14:48:09.608581+00:00,0,False,2026-09-11
CPWR,SP500,2010-01-01,2012-01-03,,,,,seed:historical,seed:index_removal,fja05680/sp500,2026-09-10 13:08:56.674362+00:00,2026-09-10 13:08:56.674362+00:00,0,False,2026-09-11
CRH,SP500,2025-12-22,,CRH plc,Materials,Construction Materials,0000849395,seed:historical,,fja05680/sp500,2026-09-10 13:08:56.674362+00:00,2026-09-12 14:48:09.608581+00:00,0,False,2026-09-11
CRL,SP500,2021-05-14,,Charles River Laboratories,Health Care,Life Sciences Tools & Services,0001100682,seed:historical,,fja05680/sp500,2026-09-10 13:08:56.674362+00:00,2026-09-12 14:48:09.608581+00:00,0,False,2026-09-11
CRM,SP500,2010-01-01,,Salesforce,Information Technology,Application Software,0001108524,seed:historical,,fja05680/sp500,2026-09-10 13:08:56.674362+00:00,2026-09-12 14:48:09.608581+00:00,0,False,2026-09-11
CRWD,SP500,2024-06-24,,CrowdStrike,Information Technology,Systems Software,0001535527,seed:historical,,fja05680/sp500,2026-09-10 13:08:56.674362+00:00,2026-09-12 14:48:09.608581+00:00,0,False,2026-09-11
CSCO,SP500,2010-01-01,,Cisco,Information Technology,Communications Equipment,0000858877,seed:historical,,fja05680/sp500,2026-09-10 13:08:56.674362+00:00,2026-09-12 14:48:09.608581+00:00,0,False,2026-09-11
CSGP,SP500,2022-09-19,,CoStar Group,Real Estate,Real Estate Services,0001057352,seed:historical,,fja05680/sp500,2026-09-10 13:08:56.674362+00:00,2026-09-12 14:48:09.608581+00:00,0,False,2026-09-11
CSRA,SP500,2015-11-30,2018-04-04,,,,,seed:historical,seed:index_removal,fja05680/sp500,2026-09-10 13:08:56.674362+00:00,2026-09-10 13:08:56.674362+00:00,0,False,2026-09-11
CSX,SP500,2010-01-01,,CSX Corporation,Industrials,Rail Transportation,0000277948,seed:historical,,fja05680/sp500,2026-09-10 13:08:56.674362+00:00,2026-09-12 14:48:09.608581+00:00,0,False,2026-09-11
CTAS,SP500,2010-01-01,,Cintas,Industrials,Diversified Support Services,0000723254,seed:historical,,fja05680/sp500,2026-09-10 13:08:56.674362+00:00,2026-09-12 14:48:09.608581+00:00,0,False,2026-09-11
CTL,SP500,2010-01-01,2020-09-18,,,,,seed:historical,seed:index_removal,fja05680/sp500,2026-09-10 13:08:56.674362+00:00,2026-09-10 13:08:56.674362+00:00,4,False,
CTLT,SP500,2020-09-21,2024-12-23,,,,,seed:historical,seed:index_removal,fja05680/sp500,2026-09-10 13:08:56.674362+00:00,2026-09-10 13:08:56.674362+00:00,4,False,
CTRA,SP500,2021-10-04,2026-05-07,,,,,seed:historical,seed:index_removal,fja05680/sp500,2026-09-10 13:08:56.674362+00:00,2026-09-10 13:08:56.674362+00:00,4,False,
CTSH,SP500,2010-01-01,,Cognizant,Information Technology,IT Consulting & Other Services,0001058290,seed:historical,,fja05680/sp500,2026-09-10 13:08:56.674362+00:00,2026-09-12 14:48:09.608581+00:00,0,False,2026-09-11
CTVA,SP500,2019-06-03,,Corteva,Materials,Fertilizers & Agricultural Chemicals,0001755672,seed:historical,,fja05680/sp500,2026-09-10 13:08:56.674362+00:00,2026-09-12 14:48:09.608581+00:00,0,False,2026-09-11
CTXS,SP500,2010-01-01,2022-10-03,,,,,seed:historical,seed:index_removal,fja05680/sp500,2026-09-10 13:08:56.674362+00:00,2026-09-10 13:08:56.674362+00:00,4,False,
CVC,SP500,2010-12-20,2016-06-21,,,,,seed:historical,seed:index_removal,fja05680/sp500,2026-09-10 13:08:56.674362+00:00,2026-09-10 13:08:56.674362+00:00,4,False,
CVH,SP500,2010-01-01,2013-05-07,,,,,seed:historical,seed:index_removal,fja05680/sp500,2026-09-10 13:08:56.674362+00:00,2026-09-10 13:08:56.674362+00:00,4,False,
CVNA,SP500,2025-12-22,,Carvana,Consumer Discretionary,Automotive Retail,0001690820,seed:historical,,fja05680/sp500,2026-09-10 13:08:56.674362+00:00,2026-09-12 14:48:09.608581+00:00,0,False,2026-09-11
CVS,SP500,2010-01-01,,CVS Health,Health Care,Health Care Services,0000064803,seed:historical,,fja05680/sp500,2026-09-10 13:08:56.674362+00:00,2026-09-12 14:48:09.608581+00:00,0,False,2026-09-11
CVX,SP500,2010-01-01,,Chevron Corporation,Energy,Integrated Oil & Gas,0000093410,seed:historical,,fja05680/sp500,2026-09-10 13:08:56.674362+00:00,2026-09-12 14:48:09.608581+00:00,0,False,2026-09-11
CXO,SP500,2016-02-22,2021-01-21,,,,,seed:historical,seed:index_removal,fja05680/sp500,2026-09-10 13:08:56.674362+00:00,2026-09-10 13:08:56.674362+00:00,4,False,
CZR,SP500,2021-03-22,2025-09-22,,,,,seed:historical,seed:index_removal,fja05680/sp500,2026-09-10 13:08:56.674362+00:00,2026-09-10 13:08:56.674362+00:00,0,False,2026-09-11
D,SP500,2010-01-01,,Dominion Energy,Utilities,Multi-Utilities,0000715957,seed:historical,,fja05680/sp500,2026-09-10 13:08:56.674362+00:00,2026-09-12 14:48:09.608581+00:00,0,False,2026-09-11
DAL,SP500,2013-09-11,,Delta Air Lines,Industrials,Passenger Airlines,0000027904,seed:historical,,fja05680/sp500,2026-09-10 13:08:56.674362+00:00,2026-09-12 14:48:09.608581+00:00,0,False,2026-09-11
DASH,SP500,2025-03-24,,DoorDash,Consumer Discretionary,Specialized Consumer Services,0001792789,seed:historical,,fja05680/sp500,2026-09-10 13:08:56.674362+00:00,2026-09-12 14:48:09.608581+00:00,0,False,2026-09-11
DAY,SP500,2024-02-01,2026-02-09,,,,,seed:historical,seed:index_removal,fja05680/sp500,2026-09-10 13:08:56.674362+00:00,2026-09-10 13:08:56.674362+00:00,4,False,
DBC,ETF,2010-01-01,,Invesco DB Commodity Index,,,,config:static_universe,,config,2026-09-10 23:35:33.049470+00:00,2026-09-10 23:35:33.049470+00:00,0,False,2026-09-11
DD,SP500,2010-01-01,2017-09-01,DuPont,Industrials,Industrial Conglomerates,0001666700,seed:historical,seed:index_removal,fja05680/sp500,2026-09-10 13:08:56.674362+00:00,2026-09-10 13:08:56.674362+00:00,0,False,
DD,SP500,2019-06-03,,DuPont,Industrials,Industrial Conglomerates,0001666700,seed:historical,,fja05680/sp500,2026-09-10 13:08:56.674362+00:00,2026-09-12 14:48:09.608581+00:00,0,False,2026-09-11
DDOG,SP500,2025-07-09,,Datadog,Information Technology,Application Software,0001561550,seed:historical,,fja05680/sp500,2026-09-10 13:08:56.674362+00:00,2026-09-12 14:48:09.608581+00:00,0,False,2026-09-11
DE,SP500,2010-01-01,,Deere & Company,Industrials,Agricultural & Farm Machinery,0000315189,seed:historical,,fja05680/sp500,2026-09-10 13:08:56.674362+00:00,2026-09-12 14:48:09.608581+00:00,0,False,2026-09-11
DECK,SP500,2024-03-18,,Deckers Brands,Consumer Discretionary,Footwear,0000910521,seed:historical,,fja05680/sp500,2026-09-10 13:08:56.674362+00:00,2026-09-12 14:48:09.608581+00:00,0,False,2026-09-11
DELL,SP500,2010-01-01,2013-10-29,Dell Technologies,Information Technology,"Technology Hardware, Storage & Peripherals",0001571996,seed:historical,seed:index_removal,fja05680/sp500,2026-09-10 13:08:56.674362+00:00,2026-09-10 13:08:56.674362+00:00,0,False,
DELL,SP500,2024-09-23,,Dell Technologies,Information Technology,"Technology Hardware, Storage & Peripherals",0001571996,seed:historical,,fja05680/sp500,2026-09-10 13:08:56.674362+00:00,2026-09-12 14:48:09.608581+00:00,0,False,2026-09-11
DF,SP500,2010-01-01,2013-05-24,,,,,seed:historical,seed:index_removal,fja05680/sp500,2026-09-10 13:08:56.674362+00:00,2026-09-10 13:08:56.674362+00:00,4,False,
DFS,SP500,2010-01-01,2025-05-19,,,,,seed:historical,seed:index_removal,fja05680/sp500,2026-09-10 13:08:56.674362+00:00,2026-09-10 13:08:56.674362+00:00,4,False,
DG,SP500,2012-12-03,,Dollar General,Consumer Staples,Consumer Staples Merchandise Retail,0000029534,seed:historical,,fja05680/sp500,2026-09-10 13:08:56.674362+00:00,2026-09-12 14:48:09.608581+00:00,0,False,2026-09-11
DGX,SP500,2010-01-01,,Quest Diagnostics,Health Care,Health Care Services,0001022079,seed:historical,,fja05680/sp500,2026-09-10 13:08:56.674362+00:00,2026-09-12 14:48:09.608581+00:00,0,False,2026-09-11
DHI,SP500,2010-01-01,,D. R. Horton,Consumer Discretionary,Homebuilding,0000882184,seed:historical,,fja05680/sp500,2026-09-10 13:08:56.674362+00:00,2026-09-12 14:48:09.608581+00:00,0,False,2026-09-11
DHR,SP500,2010-01-01,,Danaher Corporation,Health Care,Life Sciences Tools & Services,0000313616,seed:historical,,fja05680/sp500,2026-09-10 13:08:56.674362+00:00,2026-09-12 14:48:09.608581+00:00,0,False,2026-09-11
DIA,ETF,2010-01-01,,SPDR Dow Jones Industrial Average,,,,config:static_universe,,config,2026-09-10 23:35:33.049470+00:00,2026-09-10 23:35:33.049470+00:00,0,False,2026-09-11
DIS,SP500,2010-01-01,,Walt Disney Company (The),Communication Services,Movies & Entertainment,0001744489,seed:historical,,fja05680/sp500,2026-09-10 13:08:56.674362+00:00,2026-09-12 14:48:09.608581+00:00,0,False,2026-09-11
DISCA,SP500,2010-03-01,2022-04-11,,,,,seed:historical,seed:index_removal,fja05680/sp500,2026-09-10 13:08:56.674362+00:00,2026-09-10 13:08:56.674362+00:00,4,False,
DISCK,SP500,2014-08-07,2022-04-11,,,,,seed:historical,seed:index_removal,fja05680/sp500,2026-09-10 13:08:56.674362+00:00,2026-09-10 13:08:56.674362+00:00,4,False,
DISH,SP500,2017-03-13,2023-06-20,,,,,seed:historical,seed:index_removal,fja05680/sp500,2026-09-10 13:08:56.674362+00:00,2026-09-10 13:08:56.674362+00:00,4,False,
DLR,SP500,2016-05-18,,Digital Realty,Real Estate,Data Center REITs,0001297996,seed:historical,,fja05680/sp500,2026-09-10 13:08:56.674362+00:00,2026-09-12 14:48:09.608581+00:00,0,False,2026-09-11
DLTR,SP500,2011-12-19,,Dollar Tree,Consumer Staples,Consumer Staples Merchandise Retail,0000935703,seed:historical,,fja05680/sp500,2026-09-10 13:08:56.674362+00:00,2026-09-12 14:48:09.608581+00:00,0,False,2026-09-11
DNB,SP500,2010-01-01,2017-04-05,,,,,seed:historical,seed:index_removal,fja05680/sp500,2026-09-10 13:08:56.674362+00:00,2026-09-10 13:08:56.674362+00:00,4,False,
DNR,SP500,2010-01-01,2015-03-23,,,,,seed:historical,seed:index_removal,fja05680/sp500,2026-09-10 13:08:56.674362+00:00,2026-09-10 13:08:56.674362+00:00,4,False,
DO,SP500,2010-01-01,2016-10-03,,,,,seed:historical,seed:index_removal,fja05680/sp500,2026-09-10 13:08:56.674362+00:00,2026-09-10 13:08:56.674362+00:00,4,False,
DOC,SP500,2024-03-04,,Healthpeak Properties,Real Estate,Health Care REITs,0000765880,seed:historical,,fja05680/sp500,2026-09-10 13:08:56.674362+00:00,2026-09-12 14:48:09.608581+00:00,0,False,2026-09-11
DOV,SP500,2010-01-01,,Dover Corporation,Industrials,Industrial Machinery & Supplies & Components,0000029905,seed:historical,,fja05680/sp500,2026-09-10 13:08:56.674362+00:00,2026-09-12 14:48:09.608581+00:00,0,False,2026-09-11
DOW,SP500,2010-01-01,2017-09-01,Dow Inc.,Materials,Commodity Chemicals,0001751788,seed:historical,seed:index_removal,fja05680/sp500,2026-09-10 13:08:56.674362+00:00,2026-09-10 13:08:56.674362+00:00,0,False,
DOW,SP500,2019-04-02,,Dow Inc.,Materials,Commodity Chemicals,0001751788,seed:historical,,fja05680/sp500,2026-09-10 13:08:56.674362+00:00,2026-09-12 14:48:09.608581+00:00,0,False,2026-09-11
DPZ,SP500,2020-05-12,,Domino's,Consumer Discretionary,Restaurants,0001286681,seed:historical,,fja05680/sp500,2026-09-10 13:08:56.674362+00:00,2026-09-12 14:48:09.608581+00:00,0,False,2026-09-11
DRE,SP500,2017-07-26,2022-10-03,,,,,seed:historical,seed:index_removal,fja05680/sp500,2026-09-10 13:08:56.674362+00:00,2026-09-10 13:08:56.674362+00:00,4,False,
DRI,SP500,2010-01-01,,Darden Restaurants,Consumer Discretionary,Restaurants,0000940944,seed:historical,,fja05680/sp500,2026-09-10 13:08:56.674362+00:00,2026-09-12 14:48:09.608581+00:00,0,False,2026-09-11
DTE,SP500,2010-01-01,,DTE Energy,Utilities,Multi-Utilities,0000936340,seed:historical,,fja05680/sp500,2026-09-10 13:08:56.674362+00:00,2026-09-12 14:48:09.608581+00:00,0,False,2026-09-11
DTV,SP500,2010-01-01,2015-07-27,,,,,seed:historical,seed:index_removal,fja05680/sp500,2026-09-10 13:08:56.674362+00:00,2026-09-10 13:08:56.674362+00:00,4,False,
DUK,SP500,2010-01-01,,Duke Energy,Utilities,Electric Utilities,0001326160,seed:historical,,fja05680/sp500,2026-09-10 13:08:56.674362+00:00,2026-09-12 14:48:09.608581+00:00,0,False,2026-09-11
DVA,SP500,2010-01-01,,DaVita,Health Care,Health Care Services,0000927066,seed:historical,,fja05680/sp500,2026-09-10 13:08:56.674362+00:00,2026-09-12 14:48:09.608581+00:00,0,False,2026-09-11
DVN,SP500,2010-01-01,,Devon Energy,Energy,Oil & Gas Exploration & Production,0001090012,seed:historical,,fja05680/sp500,2026-09-10 13:08:56.674362+00:00,2026-09-12 14:48:09.608581+00:00,0,False,2026-09-11
DWDP,SP500,2017-09-01,2019-06-03,,,,,seed:historical,seed:index_removal,fja05680/sp500,2026-09-10 13:08:56.674362+00:00,2026-09-10 13:08:56.674362+00:00,4,False,
DXC,SP500,2010-01-01,2015-12-01,,,,,seed:historical,seed:index_removal,fja05680/sp500,2026-09-10 13:08:56.674362+00:00,2026-09-10 13:08:56.674362+00:00,0,False,
DXC,SP500,2017-04-04,2023-10-02,,,,,seed:historical,seed:index_removal,fja05680/sp500,2026-09-10 13:08:56.674362+00:00,2026-09-10 13:08:56.674362+00:00,0,False,2026-09-11
DXCM,SP500,2020-05-12,,Dexcom,Health Care,Health Care Equipment,0001093557,seed:historical,,fja05680/sp500,2026-09-10 13:08:56.674362+00:00,2026-09-12 14:48:09.608581+00:00,0,False,2026-09-11
EA,SP500,2010-01-01,2026-08-05,,,,,seed:historical,seed:index_removal,fja05680/sp500,2026-09-10 13:08:56.674362+00:00,2026-09-10 13:08:56.674362+00:00,4,False,
EBAY,SP500,2010-01-01,,eBay Inc.,Consumer Discretionary,Broadline Retail,0001065088,seed:historical,,fja05680/sp500,2026-09-10 13:08:56.674362+00:00,2026-09-12 14:48:09.608581+00:00,0,False,2026-09-11
ECHO,SP500,2026-06-24,,EchoStar,Communication Services,Wireless Telecommunication Services,0001415404,seed:historical,,fja05680/sp500,2026-09-10 13:08:56.674362+00:00,2026-09-12 14:48:09.608581+00:00,0,False,2026-09-11
ECL,SP500,2010-01-01,,Ecolab,Materials,Specialty Chemicals,0000031462,seed:historical,,fja05680/sp500,2026-09-10 13:08:56.674362+00:00,2026-09-12 14:48:09.608581+00:00,0,False,2026-09-11
ED,SP500,2010-01-01,,Consolidated Edison,Utilities,Multi-Utilities,0001047862,seed:historical,,fja05680/sp500,2026-09-10 13:08:56.674362+00:00,2026-09-12 14:48:09.608581+00:00,0,False,2026-09-11
EEM,ETF,2010-01-01,,iShares MSCI Emerging Markets,,,,config:static_universe,,config,2026-09-10 23:35:33.049470+00:00,2026-09-10 23:35:33.049470+00:00,0,False,2026-09-11
EFA,ETF,2010-01-01,,iShares MSCI EAFE (developed ex-US),,,,config:static_universe,,config,2026-09-10 23:35:33.049470+00:00,2026-09-10 23:35:33.049470+00:00,0,False,2026-09-11
EFX,SP500,2010-01-01,,Equifax,Industrials,Research & Consulting Services,0000033185,seed:historical,,fja05680/sp500,2026-09-10 13:08:56.674362+00:00,2026-09-12 14:48:09.608581+00:00,0,False,2026-09-11
EG,SP500,2023-07-10,,Everest Group,Financials,Reinsurance,0001095073,seed:historical,,fja05680/sp500,2026-09-10 13:08:56.674362+00:00,2026-09-12 14:48:09.608581+00:00,0,False,2026-09-11
EIX,SP500,2010-01-01,,Edison International,Utilities,Electric Utilities,0000827052,seed:historical,,fja05680/sp500,2026-09-10 13:08:56.674362+00:00,2026-09-12 14:48:09.608581+00:00,0,False,2026-09-11
EKDKQ,SP500,2010-01-01,2010-12-20,,,,,seed:historical,seed:index_removal,fja05680/sp500,2026-09-10 13:08:56.674362+00:00,2026-09-10 13:08:56.674362+00:00,4,False,
EL,SP500,2010-01-01,,Estée Lauder Companies (The),Consumer Staples,Personal Care Products,0001001250,seed:historical,,fja05680/sp500,2026-09-10 13:08:56.674362+00:00,2026-09-12 14:48:09.608581+00:00,0,False,2026-09-11
ELV,SP500,2022-06-28,,Elevance Health,Health Care,Managed Health Care,0001156039,seed:historical,,fja05680/sp500,2026-09-10 13:08:56.674362+00:00,2026-09-12 14:48:09.608581+00:00,0,False,2026-09-11
EMC,SP500,2010-01-01,2016-09-07,,,,,seed:historical,seed:index_removal,fja05680/sp500,2026-09-10 13:08:56.674362+00:00,2026-09-10 13:08:56.674362+00:00,0,False,2026-09-11
EME,SP500,2025-09-22,,Emcor,Industrials,Construction & Engineering,0000105634,seed:historical,,fja05680/sp500,2026-09-10 13:08:56.674362+00:00,2026-09-12 14:48:09.608581+00:00,0,False,2026-09-11
EMN,SP500,2010-01-01,2025-11-04,,,,,seed:historical,seed:index_removal,fja05680/sp500,2026-09-10 13:08:56.674362+00:00,2026-09-10 13:08:56.674362+00:00,0,False,2026-09-11
EMR,SP500,2010-01-01,,Emerson Electric,Industrials,Electrical Components & Equipment,0000032604,seed:historical,,fja05680/sp500,2026-09-10 13:08:56.674362+00:00,2026-09-12 14:48:09.608581+00:00,0,False,2026-09-11
ENDP,SP500,2015-01-27,2017-03-02,,,,,seed:historical,seed:index_removal,fja05680/sp500,2026-09-10 13:08:56.674362+00:00,2026-09-10 13:08:56.674362+00:00,4,False,
ENPH,SP500,2021-01-07,2025-09-22,,,,,seed:historical,seed:index_removal,fja05680/sp500,2026-09-10 13:08:56.674362+00:00,2026-09-10 13:08:56.674362+00:00,0,False,2026-09-11
EOG,SP500,2010-01-01,,EOG Resources,Energy,Oil & Gas Exploration & Production,0000821189,seed:historical,,fja05680/sp500,2026-09-10 13:08:56.674362+00:00,2026-09-12 14:48:09.608581+00:00,0,False,2026-09-11
EP,SP500,2010-01-01,2012-05-25,,,,,seed:historical,seed:index_removal,fja05680/sp500,2026-09-10 13:08:56.674362+00:00,2026-09-10 13:08:56.674362+00:00,0,False,2026-09-11
EPAM,SP500,2021-12-14,2026-06-02,,,,,seed:historical,seed:index_removal,fja05680/sp500,2026-09-10 13:08:56.674362+00:00,2026-09-10 13:08:56.674362+00:00,0,False,2026-09-11
EQIX,SP500,2015-03-23,,Equinix,Real Estate,Data Center REITs,0001101239,seed:historical,,fja05680/sp500,2026-09-10 13:08:56.674362+00:00,2026-09-12 14:48:09.608581+00:00,0,False,2026-09-11
EQR,SP500,2010-01-01,2026-08-18,,,,,seed:historical,seed:index_removal,fja05680/sp500,2026-09-10 13:08:56.674362+00:00,2026-09-10 13:08:56.674362+00:00,4,False,
EQT,SP500,2010-01-01,2018-11-13,EQT Corporation,Energy,Oil & Gas Exploration & Production,0000033213,seed:historical,seed:index_removal,fja05680/sp500,2026-09-10 13:08:56.674362+00:00,2026-09-10 13:08:56.674362+00:00,0,False,
EQT,SP500,2022-10-03,,EQT Corporation,Energy,Oil & Gas Exploration & Production,0000033213,seed:historical,,fja05680/sp500,2026-09-10 13:08:56.674362+00:00,2026-09-12 14:48:09.608581+00:00,0,False,2026-09-11
ERIE,SP500,2024-09-23,,Erie Indemnity,Financials,Insurance Brokers,0000922621,seed:historical,,fja05680/sp500,2026-09-10 13:08:56.674362+00:00,2026-09-12 14:48:09.608581+00:00,0,False,2026-09-11
ES,SP500,2010-01-01,,Eversource Energy,Utilities,Electric Utilities,0000072741,seed:historical,,fja05680/sp500,2026-09-10 13:08:56.674362+00:00,2026-09-12 14:48:09.608581+00:00,0,False,2026-09-11
ESRX,SP500,2010-01-01,2018-12-21,,,,,seed:historical,seed:index_removal,fja05680/sp500,2026-09-10 13:08:56.674362+00:00,2026-09-10 13:08:56.674362+00:00,4,False,
ESS,SP500,2014-04-02,,Essex Property Trust,Real Estate,Multi-Family Residential REITs,0000920522,seed:historical,,fja05680/sp500,2026-09-10 13:08:56.674362+00:00,2026-09-12 14:48:09.608581+00:00,0,False,2026-09-11
ESV,SP500,2012-07-31,2016-03-30,,,,,seed:historical,seed:index_removal,fja05680/sp500,2026-09-10 13:08:56.674362+00:00,2026-09-10 13:08:56.674362+00:00,4,False,
ETFC,SP500,2010-01-01,2020-10-07,,,,,seed:historical,seed:index_removal,fja05680/sp500,2026-09-10 13:08:56.674362+00:00,2026-09-10 13:08:56.674362+00:00,4,False,
ETN,SP500,2010-01-01,,Eaton Corporation,Industrials,Electrical Components & Equipment,0001551182,seed:historical,,fja05680/sp500,2026-09-10 13:08:56.674362+00:00,2026-09-12 14:48:09.608581+00:00,0,False,2026-09-11
ETR,SP500,2010-01-01,,Entergy,Utilities,Electric Utilities,0000065984,seed:historical,,fja05680/sp500,2026-09-10 13:08:56.674362+00:00,2026-09-12 14:48:09.608581+00:00,0,False,2026-09-11
ETSY,SP500,2020-09-21,2024-09-23,,,,,seed:historical,seed:index_removal,fja05680/sp500,2026-09-10 13:08:56.674362+00:00,2026-09-10 13:08:56.674362+00:00,0,False,2026-09-11
EVHC,SP500,2016-12-02,2018-10-11,,,,,seed:historical,seed:index_removal,fja05680/sp500,2026-09-10 13:08:56.674362+00:00,2026-09-10 13:08:56.674362+00:00,4,False,
EVRG,SP500,2018-06-05,,Evergy,Utilities,Electric Utilities,0001711269,seed:historical,,fja05680/sp500,2026-09-10 13:08:56.674362+00:00,2026-09-12 14:48:09.608581+00:00,0,False,2026-09-11
EW,SP500,2011-04-01,,Edwards Lifesciences,Health Care,Health Care Equipment,0001099800,seed:historical,,fja05680/sp500,2026-09-10 13:08:56.674362+00:00,2026-09-12 14:48:09.608581+00:00,0,False,2026-09-11
EWJ,ETF,2010-01-01,,iShares MSCI Japan,,,,config:static_universe,,config,2026-09-10 23:35:33.049470+00:00,2026-09-10 23:35:33.049470+00:00,0,False,2026-09-11
EXC,SP500,2010-01-01,,Exelon,Utilities,Electric Utilities,0001109357,seed:historical,,fja05680/sp500,2026-09-10 13:08:56.674362+00:00,2026-09-12 14:48:09.608581+00:00,0,False,2026-09-11
EXE,SP500,2025-03-24,,Expand Energy,Energy,Oil & Gas Exploration & Production,0000895126,seed:historical,,fja05680/sp500,2026-09-10 13:08:56.674362+00:00,2026-09-12 14:48:09.608581+00:00,0,False,2026-09-11
EXPD,SP500,2010-01-01,,Expeditors International,Industrials,Air Freight & Logistics,0000746515,seed:historical,,fja05680/sp500,2026-09-10 13:08:56.674362+00:00,2026-09-12 14:48:09.608581+00:00,0,False,2026-09-11
EXPE,SP500,2010-01-01,,Expedia Group,Consumer Discretionary,"Hotels, Resorts & Cruise Lines",0001324424,seed:historical,,fja05680/sp500,2026-09-10 13:08:56.674362+00:00,2026-09-12 14:48:09.608581+00:00,0,False,2026-09-11
EXR,SP500,2016-01-19,,Extra Space Storage,Real Estate,Self-Storage REITs,0001289490,seed:historical,,fja05680/sp500,2026-09-10 13:08:56.674362+00:00,2026-09-12 14:48:09.608581+00:00,0,False,2026-09-11
F,SP500,2010-01-01,,Ford Motor Company,Consumer Discretionary,Automobile Manufacturers,0000037996,seed:historical,,fja05680/sp500,2026-09-10 13:08:56.674362+00:00,2026-09-12 14:48:09.608581+00:00,0,False,2026-09-11
FANG,SP500,2018-12-03,,Diamondback Energy,Energy,Oil & Gas Exploration & Production,0001539838,seed:historical,,fja05680/sp500,2026-09-10 13:08:56.674362+00:00,2026-09-12 14:48:09.608581+00:00,0,False,2026-09-11
FAST,SP500,2010-01-01,,Fastenal,Industrials,Trading Companies & Distributors,0000815556,seed:historical,,fja05680/sp500,2026-09-10 13:08:56.674362+00:00,2026-09-12 14:48:09.608581+00:00,0,False,2026-09-11
FB,SP500,2013-12-23,2022-06-09,,,,,seed:historical,seed:index_removal,fja05680/sp500,2026-09-10 13:08:56.674362+00:00,2026-09-10 13:08:56.674362+00:00,0,False,2026-09-11
FBHS,SP500,2016-06-24,2022-12-19,,,,,seed:historical,seed:index_removal,fja05680/sp500,2026-09-10 13:08:56.674362+00:00,2026-09-10 13:08:56.674362+00:00,4,False,
FCPT,SP500,2015-11-10,2015-11-17,,,,,seed:historical,seed:index_removal,fja05680/sp500,2026-09-10 13:08:56.674362+00:00,2026-09-10 13:08:56.674362+00:00,0,False,2026-09-11
FCX,SP500,2010-01-01,,Freeport-McMoRan,Materials,Copper,0000831259,seed:historical,,fja05680/sp500,2026-09-10 13:08:56.674362+00:00,2026-09-12 14:48:09.608581+00:00,0,False,2026-09-11
FDO,SP500,2010-01-01,2015-07-07,,,,,seed:historical,seed:index_removal,fja05680/sp500,2026-09-10 13:08:56.674362+00:00,2026-09-10 13:08:56.674362+00:00,4,False,
FDS,SP500,2021-12-20,,FactSet,Financials,Financial Exchanges & Data,0001013237,seed:historical,,fja05680/sp500,2026-09-10 13:08:56.674362+00:00,2026-09-12 14:48:09.608581+00:00,0,False,2026-09-11
FDX,SP500,2010-01-01,,FedEx,Industrials,Air Freight & Logistics,0001048911,seed:historical,,fja05680/sp500,2026-09-10 13:08:56.674362+00:00,2026-09-12 14:48:09.608581+00:00,0,False,2026-09-11
FDXF,SP500,2026-06-01,,FedEx Freight,Industrials,Cargo Ground Transportation,0002082247,seed:historical,,fja05680/sp500,2026-09-10 13:08:56.674362+00:00,2026-09-12 14:48:09.608581+00:00,0,False,2026-09-11
FE,SP500,2010-01-01,,FirstEnergy,Utilities,Electric Utilities,0001031296,seed:historical,,fja05680/sp500,2026-09-10 13:08:56.674362+00:00,2026-09-12 14:48:09.608581+00:00,0,False,2026-09-11
FERG,SP500,2026-08-05,,Ferguson Enterprises,Industrials,Trading Companies & Distributors,0002011641,seed:historical,,fja05680/sp500,2026-09-10 13:08:56.674362+00:00,2026-09-12 14:48:09.608581+00:00,0,False,2026-09-11
FFIV,SP500,2010-12-20,,"F5, Inc.",Information Technology,Communications Equipment,0001048695,seed:historical,,fja05680/sp500,2026-09-10 13:08:56.674362+00:00,2026-09-12 14:48:09.608581+00:00,0,False,2026-09-11
FHN,SP500,2010-01-01,2013-06-24,,,,,seed:historical,seed:index_removal,fja05680/sp500,2026-09-10 13:08:56.674362+00:00,2026-09-10 13:08:56.674362+00:00,0,False,2026-09-11
FI,SP500,2023-06-07,2025-11-11,,,,,seed:historical,seed:index_removal,fja05680/sp500,2026-09-10 13:08:56.674362+00:00,2026-09-10 13:08:56.674362+00:00,4,False,
FICO,SP500,2023-03-20,,Fair Isaac,Information Technology,Application Software,0000814547,seed:historical,,fja05680/sp500,2026-09-10 13:08:56.674362+00:00,2026-09-12 14:48:09.608581+00:00,0,False,2026-09-11
FII,SP500,2010-01-01,2013-01-02,,,,,seed:historical,seed:index_removal,fja05680/sp500,2026-09-10 13:08:56.674362+00:00,2026-09-10 13:08:56.674362+00:00,4,False,
FIS,SP500,2010-01-01,,Fidelity National Information Services,Financials,Transaction & Payment Processing Services,0001136893,seed:historical,,fja05680/sp500,2026-09-10 13:08:56.674362+00:00,2026-09-12 14:48:09.608581+00:00,0,False,2026-09-11
FISV,SP500,2010-01-01,2023-06-07,Fiserv,Financials,Transaction & Payment Processing Services,0000798354,seed:historical,seed:index_removal,fja05680/sp500,2026-09-10 13:08:56.674362+00:00,2026-09-10 13:08:56.674362+00:00,0,False,
FISV,SP500,2025-11-11,,Fiserv,Financials,Transaction & Payment Processing Services,0000798354,seed:historical,,fja05680/sp500,2026-09-10 13:08:56.674362+00:00,2026-09-12 14:48:09.608581+00:00,0,False,2026-09-11
FITB,SP500,2010-01-01,,Fifth Third Bancorp,Financials,Regional Banks,0000035527,seed:historical,,fja05680/sp500,2026-09-10 13:08:56.674362+00:00,2026-09-12 14:48:09.608581+00:00,0,False,2026-09-11
FIX,SP500,2025-12-22,,Comfort Systems USA,Industrials,Construction & Engineering,0001035983,seed:historical,,fja05680/sp500,2026-09-10 13:08:56.674362+00:00,2026-09-12 14:48:09.608581+00:00,0,False,2026-09-11
FL,SP500,2016-04-04,2019-08-09,,,,,seed:historical,seed:index_removal,fja05680/sp500,2026-09-10 13:08:56.674362+00:00,2026-09-10 13:08:56.674362+00:00,4,False,
FLEX,SP500,2026-06-22,,Flex Ltd.,Information Technology,Electronic Manufacturing Services,0000866374,seed:historical,,fja05680/sp500,2026-09-10 13:08:56.674362+00:00,2026-09-12 14:48:09.608581+00:00,0,False,2026-09-11
FLIR,SP500,2010-01-01,2021-05-14,,,,,seed:historical,seed:index_removal,fja05680/sp500,2026-09-10 13:08:56.674362+00:00,2026-09-10 13:08:56.674362+00:00,4,False,
FLR,SP500,2010-01-01,2019-06-03,,,,,seed:historical,seed:index_removal,fja05680/sp500,2026-09-10 13:08:56.674362+00:00,2026-09-10 13:08:56.674362+00:00,0,False,2026-09-11
FLS,SP500,2010-01-01,2021-03-22,,,,,seed:historical,seed:index_removal,fja05680/sp500,2026-09-10 13:08:56.674362+00:00,2026-09-10 13:08:56.674362+00:00,0,False,2026-09-11
FLT,SP500,2018-06-20,2024-03-25,,,,,seed:historical,seed:index_removal,fja05680/sp500,2026-09-10 13:08:56.674362+00:00,2026-09-10 13:08:56.674362+00:00,4,False,
FMC,SP500,2010-01-01,2025-03-24,,,,,seed:historical,seed:index_removal,fja05680/sp500,2026-09-10 13:08:56.674362+00:00,2026-09-10 13:08:56.674362+00:00,0,False,2026-09-11
FOSL,SP500,2012-04-04,2016-01-05,,,,,seed:historical,seed:index_removal,fja05680/sp500,2026-09-10 13:08:56.674362+00:00,2026-09-10 13:08:56.674362+00:00,0,False,2026-09-11
FOX,SP500,2015-09-21,,Fox Corporation (Class B),Communication Services,Broadcasting,0001754301,seed:historical,,fja05680/sp500,2026-09-10 13:08:56.674362+00:00,2026-09-12 14:48:09.608581+00:00,0,False,2026-09-11
FOXA,SP500,2010-01-01,,Fox Corporation (Class A),Communication Services,Broadcasting,0001754301,seed:historical,,fja05680/sp500,2026-09-10 13:08:56.674362+00:00,2026-09-12 14:48:09.608581+00:00,0,False,2026-09-11
FRC,SP500,2019-01-02,2023-05-04,,,,,seed:historical,seed:index_removal,fja05680/sp500,2026-09-10 13:08:56.674362+00:00,2026-09-10 13:08:56.674362+00:00,4,False,
FRT,SP500,2016-02-01,,Federal Realty Investment Trust,Real Estate,Retail REITs,0000034903,seed:historical,,fja05680/sp500,2026-09-10 13:08:56.674362+00:00,2026-09-12 14:48:09.608581+00:00,0,False,2026-09-11
FRX,SP500,2010-01-01,2014-07-01,,,,,seed:historical,seed:index_removal,fja05680/sp500,2026-09-10 13:08:56.674362+00:00,2026-09-10 13:08:56.674362+00:00,4,False,
FSLR,SP500,2010-01-01,2017-03-20,First Solar,Information Technology,Semiconductors,0001274494,seed:historical,seed:index_removal,fja05680/sp500,2026-09-10 13:08:56.674362+00:00,2026-09-10 13:08:56.674362+00:00,0,False,
FSLR,SP500,2022-12-19,,First Solar,Information Technology,Semiconductors,0001274494,seed:historical,,fja05680/sp500,2026-09-10 13:08:56.674362+00:00,2026-09-12 14:48:09.608581+00:00,0,False,2026-09-11
FTI,SP500,2010-01-01,2021-02-12,,,,,seed:historical,seed:index_removal,fja05680/sp500,2026-09-10 13:08:56.674362+00:00,2026-09-10 13:08:56.674362+00:00,0,False,2026-09-11
FTNT,SP500,2018-10-11,,Fortinet,Information Technology,Systems Software,0001262039,seed:historical,,fja05680/sp500,2026-09-10 13:08:56.674362+00:00,2026-09-12 14:48:09.608581+00:00,0,False,2026-09-11
FTR,SP500,2010-01-01,2017-03-20,,,,,seed:historical,seed:index_removal,fja05680/sp500,2026-09-10 13:08:56.674362+00:00,2026-09-10 13:08:56.674362+00:00,4,False,
FTV,SP500,2016-07-05,,Fortive,Industrials,Industrial Machinery & Supplies & Components,0001659166,seed:historical,,fja05680/sp500,2026-09-10 13:08:56.674362+00:00,2026-09-12 14:48:09.608581+00:00,0,False,2026-09-11
FXI,ETF,2010-01-01,,iShares China Large-Cap,,,,config:static_universe,,config,2026-09-10 23:35:33.049470+00:00,2026-09-10 23:35:33.049470+00:00,0,False,2026-09-11
GAS,SP500,2010-01-01,2011-12-12,,,,,seed:historical,seed:index_removal,fja05680/sp500,2026-09-10 13:08:56.674362+00:00,2026-09-10 13:08:56.674362+00:00,0,False,
GAS,SP500,2011-12-13,2016-07-01,,,,,seed:historical,seed:index_removal,fja05680/sp500,2026-09-10 13:08:56.674362+00:00,2026-09-10 13:08:56.674362+00:00,4,False,
GD,SP500,2010-01-01,,General Dynamics,Industrials,Aerospace & Defense,0000040533,seed:historical,,fja05680/sp500,2026-09-10 13:08:56.674362+00:00,2026-09-12 14:48:09.608581+00:00,0,False,2026-09-11
GDDY,SP500,2024-06-24,,GoDaddy,Information Technology,Internet Services & Infrastructure,0001609711,seed:historical,,fja05680/sp500,2026-09-10 13:08:56.674362+00:00,2026-09-12 14:48:09.608581+00:00,0,False,2026-09-11
GE,SP500,2010-01-01,,GE Aerospace,Industrials,Aerospace & Defense,0000040545,seed:historical,,fja05680/sp500,2026-09-10 13:08:56.674362+00:00,2026-09-12 14:48:09.608581+00:00,0,False,2026-09-11
GEHC,SP500,2023-01-04,,GE HealthCare,Health Care,Health Care Equipment,0001932393,seed:historical,,fja05680/sp500,2026-09-10 13:08:56.674362+00:00,2026-09-12 14:48:09.608581+00:00,0,False,2026-09-11
GEN,SP500,2022-11-08,,Gen Digital,Information Technology,Systems Software,0000849399,seed:historical,,fja05680/sp500,2026-09-10 13:08:56.674362+00:00,2026-09-12 14:48:09.608581+00:00,0,False,2026-09-11
GENZ,SP500,2010-01-01,2011-04-04,,,,,seed:historical,seed:index_removal,fja05680/sp500,2026-09-10 13:08:56.674362+00:00,2026-09-10 13:08:56.674362+00:00,0,False,2026-09-11
GEV,SP500,2024-04-02,,GE Vernova,Industrials,Heavy Electrical Equipment,0001996810,seed:historical,,fja05680/sp500,2026-09-10 13:08:56.674362+00:00,2026-09-12 14:48:09.608581+00:00,0,False,2026-09-11
GGP,SP500,2013-12-10,2018-08-28,,,,,seed:historical,seed:index_removal,fja05680/sp500,2026-09-10 13:08:56.674362+00:00,2026-09-10 13:08:56.674362+00:00,4,False,
GHC,SP500,2010-01-01,2014-09-22,,,,,seed:historical,seed:index_removal,fja05680/sp500,2026-09-10 13:08:56.674362+00:00,2026-09-10 13:08:56.674362+00:00,0,False,2026-09-11
GILD,SP500,2010-01-01,,Gilead Sciences,Health Care,Biotechnology,0000882095,seed:historical,,fja05680/sp500,2026-09-10 13:08:56.674362+00:00,2026-09-12 14:48:09.608581+00:00,0,False,2026-09-11
GIS,SP500,2010-01-01,,General Mills,Consumer Staples,Packaged Foods & Meats,0000040704,seed:historical,,fja05680/sp500,2026-09-10 13:08:56.674362+00:00,2026-09-12 14:48:09.608581+00:00,0,False,2026-09-11
GL,SP500,2019-08-08,,Globe Life,Financials,Life & Health Insurance,0000320335,seed:historical,,fja05680/sp500,2026-09-10 13:08:56.674362+00:00,2026-09-12 14:48:09.608581+00:00,0,False,2026-09-11
GLD,ETF,2010-01-01,,SPDR Gold Shares,,,,config:static_universe,,config,2026-09-10 23:35:33.049470+00:00,2026-09-10 23:35:33.049470+00:00,0,False,2026-09-11
GLW,SP500,2010-01-01,,Corning Inc.,Information Technology,Electronic Components,0000024741,seed:historical,,fja05680/sp500,2026-09-10 13:08:56.674362+00:00,2026-09-12 14:48:09.608581+00:00,0,False,2026-09-11
GM,SP500,2013-06-07,,General Motors,Consumer Discretionary,Automobile Manufacturers,0001467858,seed:historical,,fja05680/sp500,2026-09-10 13:08:56.674362+00:00,2026-09-12 14:48:09.608581+00:00,0,False,2026-09-11
GMCR,SP500,2014-03-24,2016-03-03,,,,,seed:historical,seed:index_removal,fja05680/sp500,2026-09-10 13:08:56.674362+00:00,2026-09-10 13:08:56.674362+00:00,4,False,
GME,SP500,2010-01-01,2016-04-25,,,,,seed:historical,seed:index_removal,fja05680/sp500,2026-09-10 13:08:56.674362+00:00,2026-09-10 13:08:56.674362+00:00,0,False,2026-09-11
GNRC,SP500,2021-03-22,,Generac,Industrials,Heavy Electrical Equipment,0001474735,seed:historical,,fja05680/sp500,2026-09-10 13:08:56.674362+00:00,2026-09-12 14:48:09.608581+00:00,0,False,2026-09-11
GNW,SP500,2010-01-01,2015-11-18,,,,,seed:historical,seed:index_removal,fja05680/sp500,2026-09-10 13:08:56.674362+00:00,2026-09-10 13:08:56.674362+00:00,0,False,2026-09-11
GOOG,SP500,2014-04-03,,Alphabet Inc. (Class C),Communication Services,Interactive Media & Services,0001652044,seed:historical,,fja05680/sp500,2026-09-10 13:08:56.674362+00:00,2026-09-12 14:48:09.608581+00:00,0,False,2026-09-11
GOOGL,SP500,2010-01-01,,Alphabet Inc. (Class A),Communication Services,Interactive Media & Services,0001652044,seed:historical,,fja05680/sp500,2026-09-10 13:08:56.674362+00:00,2026-09-12 14:48:09.608581+00:00,0,False,2026-09-11
GPC,SP500,2010-01-01,,Genuine Parts Company,Consumer Discretionary,Distributors,0000040987,seed:historical,,fja05680/sp500,2026-09-10 13:08:56.674362+00:00,2026-09-12 14:48:09.608581+00:00,0,False,2026-09-11
GPN,SP500,2016-04-25,,Global Payments,Financials,Transaction & Payment Processing Services,0001123360,seed:historical,,fja05680/sp500,2026-09-10 13:08:56.674362+00:00,2026-09-12 14:48:09.608581+00:00,0,False,2026-09-11
GPS,SP500,2010-01-01,2022-02-02,,,,,seed:historical,seed:index_removal,fja05680/sp500,2026-09-10 13:08:56.674362+00:00,2026-09-10 13:08:56.674362+00:00,4,False,
GR,SP500,2010-01-01,2012-07-27,,,,,seed:historical,seed:index_removal,fja05680/sp500,2026-09-10 13:08:56.674362+00:00,2026-09-10 13:08:56.674362+00:00,4,False,
GRMN,SP500,2012-12-12,,Garmin,Consumer Discretionary,Consumer Electronics,0001121788,seed:historical,,fja05680/sp500,2026-09-10 13:08:56.674362+00:00,2026-09-12 14:48:09.608581+00:00,0,False,2026-09-11
GS,SP500,2010-01-01,,Goldman Sachs,Financials,Investment Banking & Brokerage,0000886982,seed:historical,,fja05680/sp500,2026-09-10 13:08:56.674362+00:00,2026-09-12 14:48:09.608581+00:00,0,False,2026-09-11
GT,SP500,2010-01-01,2019-02-27,,,,,seed:historical,seed:index_removal,fja05680/sp500,2026-09-10 13:08:56.674362+00:00,2026-09-10 13:08:56.674362+00:00,0,False,2026-09-11
GWW,SP500,2010-01-01,,W. W. Grainger,Industrials,Industrial Machinery & Supplies & Components,0000277135,seed:historical,,fja05680/sp500,2026-09-10 13:08:56.674362+00:00,2026-09-12 14:48:09.608581+00:00,0,False,2026-09-11
HAL,SP500,2010-01-01,,Halliburton,Energy,Oil & Gas Equipment & Services,0000045012,seed:historical,,fja05680/sp500,2026-09-10 13:08:56.674362+00:00,2026-09-12 14:48:09.608581+00:00,0,False,2026-09-11
HAR,SP500,2010-01-01,2017-03-13,,,,,seed:historical,seed:index_removal,fja05680/sp500,2026-09-10 13:08:56.674362+00:00,2026-09-10 13:08:56.674362+00:00,4,False,
HAS,SP500,2010-01-01,,Hasbro,Consumer Discretionary,Leisure Products,0000046080,seed:historical,,fja05680/sp500,2026-09-10 13:08:56.674362+00:00,2026-09-12 14:48:09.608581+00:00,0,False,2026-09-11
HBAN,SP500,2010-01-01,,Huntington Bancshares,Financials,Regional Banks,0000049196,seed:historical,,fja05680/sp500,2026-09-10 13:08:56.674362+00:00,2026-09-12 14:48:09.608581+00:00,0,False,2026-09-11
HBI,SP500,2015-03-23,2021-12-20,,,,,seed:historical,seed:index_removal,fja05680/sp500,2026-09-10 13:08:56.674362+00:00,2026-09-10 13:08:56.674362+00:00,4,False,
HCA,SP500,2015-01-27,,HCA Healthcare,Health Care,Health Care Facilities,0000860730,seed:historical,,fja05680/sp500,2026-09-10 13:08:56.674362+00:00,2026-09-12 14:48:09.608581+00:00,0,False,2026-09-11
HCBK,SP500,2010-01-01,2015-11-02,,,,,seed:historical,seed:index_removal,fja05680/sp500,2026-09-10 13:08:56.674362+00:00,2026-09-10 13:08:56.674362+00:00,4,False,
HCP,SP500,2010-01-01,2019-11-05,,,,,seed:historical,seed:index_removal,fja05680/sp500,2026-09-10 13:08:56.674362+00:00,2026-09-10 13:08:56.674362+00:00,4,False,
HD,SP500,2010-01-01,,Home Depot (The),Consumer Discretionary,Home Improvement Retail,0000354950,seed:historical,,fja05680/sp500,2026-09-10 13:08:56.674362+00:00,2026-09-12 14:48:09.608581+00:00,0,False,2026-09-11
HES,SP500,2010-01-01,2025-07-23,,,,,seed:historical,seed:index_removal,fja05680/sp500,2026-09-10 13:08:56.674362+00:00,2026-09-10 13:08:56.674362+00:00,4,False,
HFC,SP500,2018-06-18,2021-06-04,,,,,seed:historical,seed:index_removal,fja05680/sp500,2026-09-10 13:08:56.674362+00:00,2026-09-10 13:08:56.674362+00:00,4,False,
HIG,SP500,2010-01-01,,Hartford (The),Financials,Property & Casualty Insurance,0000874766,seed:historical,,fja05680/sp500,2026-09-10 13:08:56.674362+00:00,2026-09-12 14:48:09.608581+00:00,0,False,2026-09-11
HII,SP500,2018-01-03,,Huntington Ingalls Industries,Industrials,Aerospace & Defense,0001501585,seed:historical,,fja05680/sp500,2026-09-10 13:08:56.674362+00:00,2026-09-12 14:48:09.608581+00:00,0,False,2026-09-11
HLT,SP500,2017-06-19,,Hilton Worldwide,Consumer Discretionary,"Hotels, Resorts & Cruise Lines",0001585689,seed:historical,,fja05680/sp500,2026-09-10 13:08:56.674362+00:00,2026-09-12 14:48:09.608581+00:00,0,False,2026-09-11
HNZ,SP500,2010-01-01,2013-06-07,,,,,seed:historical,seed:index_removal,fja05680/sp500,2026-09-10 13:08:56.674362+00:00,2026-09-10 13:08:56.674362+00:00,4,False,
HOG,SP500,2010-01-01,2020-06-22,,,,,seed:historical,seed:index_removal,fja05680/sp500,2026-09-10 13:08:56.674362+00:00,2026-09-10 13:08:56.674362+00:00,0,False,2026-09-11
HOLX,SP500,2016-03-30,2026-04-09,,,,,seed:historical,seed:index_removal,fja05680/sp500,2026-09-10 13:08:56.674362+00:00,2026-09-10 13:08:56.674362+00:00,4,False,
HON,SP500,2010-01-01,,Honeywell Technologies,Industrials,Industrial Conglomerates,0000773840,seed:historical,,fja05680/sp500,2026-09-10 13:08:56.674362+00:00,2026-09-12 14:48:09.608581+00:00,0,False,2026-09-11
HONA,SP500,2026-06-29,,Honeywell Aerospace,Industrials,Aerospace & Defense,0002089271,seed:historical,,fja05680/sp500,2026-09-10 13:08:56.674362+00:00,2026-09-12 14:48:09.608581+00:00,0,False,2026-09-11
HOOD,SP500,2025-09-22,,Robinhood Markets,Financials,Investment Banking & Brokerage,0001783879,seed:historical,,fja05680/sp500,2026-09-10 13:08:56.674362+00:00,2026-09-12 14:48:09.608581+00:00,0,False,2026-09-11
HOT,SP500,2010-01-01,2016-09-23,,,,,seed:historical,seed:index_removal,fja05680/sp500,2026-09-10 13:08:56.674362+00:00,2026-09-10 13:08:56.674362+00:00,4,False,
HP,SP500,2010-03-01,2020-05-22,,,,,seed:historical,seed:index_removal,fja05680/sp500,2026-09-10 13:08:56.674362+00:00,2026-09-10 13:08:56.674362+00:00,0,False,2026-09-11
HPE,SP500,2015-11-02,,Hewlett Packard Enterprise,Information Technology,"Technology Hardware, Storage & Peripherals",0001645590,seed:historical,,fja05680/sp500,2026-09-10 13:08:56.674362+00:00,2026-09-12 14:48:09.608581+00:00,0,False,2026-09-11
HPQ,SP500,2010-01-01,,HP Inc.,Information Technology,"Technology Hardware, Storage & Peripherals",0000047217,seed:historical,,fja05680/sp500,2026-09-10 13:08:56.674362+00:00,2026-09-12 14:48:09.608581+00:00,0,False,2026-09-11
HRB,SP500,2010-01-01,2020-09-21,,,,,seed:historical,seed:index_removal,fja05680/sp500,2026-09-10 13:08:56.674362+00:00,2026-09-10 13:08:56.674362+00:00,0,False,2026-09-11
HRL,SP500,2010-01-01,,Hormel Foods,Consumer Staples,Packaged Foods & Meats,0000048465,seed:historical,,fja05680/sp500,2026-09-10 13:08:56.674362+00:00,2026-09-12 14:48:09.608581+00:00,0,False,2026-09-11
HRS,SP500,2010-01-01,2019-06-01,,,,,seed:historical,seed:index_removal,fja05680/sp500,2026-09-10 13:08:56.674362+00:00,2026-09-10 13:08:56.674362+00:00,4,False,
HSH,SP500,2010-01-01,2012-06-29,,,,,seed:historical,seed:index_removal,fja05680/sp500,2026-09-10 13:08:56.674362+00:00,2026-09-10 13:08:56.674362+00:00,4,False,
HSIC,SP500,2015-03-18,,Henry Schein,Health Care,Health Care Distributors,0001000228,seed:historical,,fja05680/sp500,2026-09-10 13:08:56.674362+00:00,2026-09-12 14:48:09.608581+00:00,0,False,2026-09-11
HSP,SP500,2010-01-01,2015-09-03,,,,,seed:historical,seed:index_removal,fja05680/sp500,2026-09-10 13:08:56.674362+00:00,2026-09-10 13:08:56.674362+00:00,4,False,
HST,SP500,2010-01-01,,Host Hotels & Resorts,Real Estate,Hotel & Resort REITs,0001070750,seed:historical,,fja05680/sp500,2026-09-10 13:08:56.674362+00:00,2026-09-12 14:48:09.608581+00:00,0,False,2026-09-11
HSY,SP500,2010-01-01,,Hershey Company (The),Consumer Staples,Packaged Foods & Meats,0000047111,seed:historical,,fja05680/sp500,2026-09-10 13:08:56.674362+00:00,2026-09-12 14:48:09.608581+00:00,0,False,2026-09-11
HUBB,SP500,2023-10-18,,Hubbell Incorporated,Industrials,Industrial Machinery & Supplies & Components,0000048898,seed:historical,,fja05680/sp500,2026-09-10 13:08:56.674362+00:00,2026-09-12 14:48:09.608581+00:00,0,False,2026-09-11
HUM,SP500,2010-01-01,,Humana,Health Care,Managed Health Care,0000049071,seed:historical,,fja05680/sp500,2026-09-10 13:08:56.674362+00:00,2026-09-12 14:48:09.608581+00:00,0,False,2026-09-11
HWM,SP500,2020-04-06,,Howmet Aerospace,Industrials,Aerospace & Defense,0000004281,seed:historical,,fja05680/sp500,2026-09-10 13:08:56.674362+00:00,2026-09-12 14:48:09.608581+00:00,0,False,2026-09-11
HYG,ETF,2010-01-01,,iShares High Yield Corporate,,,,config:static_universe,,config,2026-09-10 23:35:33.049470+00:00,2026-09-10 23:35:33.049470+00:00,0,False,2026-09-11
IBKR,SP500,2025-08-28,,Interactive Brokers,Financials,Investment Banking & Brokerage,0001381197,seed:historical,,fja05680/sp500,2026-09-10 13:08:56.674362+00:00,2026-09-12 14:48:09.608581+00:00,0,False,2026-09-11
IBM,SP500,2010-01-01,,IBM,Information Technology,IT Consulting & Other Services,0000051143,seed:historical,,fja05680/sp500,2026-09-10 13:08:56.674362+00:00,2026-09-12 14:48:09.608581+00:00,0,False,2026-09-11
ICE,SP500,2010-01-01,,Intercontinental Exchange,Financials,Financial Exchanges & Data,0001571949,seed:historical,,fja05680/sp500,2026-09-10 13:08:56.674362+00:00,2026-09-12 14:48:09.608581+00:00,0,False,2026-09-11
IDXX,SP500,2017-01-05,,Idexx Laboratories,Health Care,Health Care Equipment,0000874716,seed:historical,,fja05680/sp500,2026-09-10 13:08:56.674362+00:00,2026-09-12 14:48:09.608581+00:00,0,False,2026-09-11
IEF,ETF,2010-01-01,,iShares 7-10 Year Treasury,,,,config:static_universe,,config,2026-09-10 23:35:33.049470+00:00,2026-09-10 23:35:33.049470+00:00,0,False,2026-09-11
IEX,SP500,2019-08-09,,IDEX Corporation,Industrials,Industrial Machinery & Supplies & Components,0000832101,seed:historical,,fja05680/sp500,2026-09-10 13:08:56.674362+00:00,2026-09-12 14:48:09.608581+00:00,0,False,2026-09-11
IFF,SP500,2010-01-01,,International Flavors & Fragrances,Materials,Specialty Chemicals,0000051253,seed:historical,,fja05680/sp500,2026-09-10 13:08:56.674362+00:00,2026-09-12 14:48:09.608581+00:00,0,False,2026-09-11
IGT,SP500,2010-01-01,2014-06-20,,,,,seed:historical,seed:index_removal,fja05680/sp500,2026-09-10 13:08:56.674362+00:00,2026-09-10 13:08:56.674362+00:00,4,False,
ILMN,SP500,2015-11-19,2024-06-24,,,,,seed:historical,seed:index_removal,fja05680/sp500,2026-09-10 13:08:56.674362+00:00,2026-09-10 13:08:56.674362+00:00,0,False,2026-09-11
INCY,SP500,2017-02-28,,Incyte,Health Care,Biotechnology,0000879169,seed:historical,,fja05680/sp500,2026-09-10 13:08:56.674362+00:00,2026-09-12 14:48:09.608581+00:00,0,False,2026-09-11
INFO,SP500,2017-06-02,2022-03-02,,,,,seed:historical,seed:index_removal,fja05680/sp500,2026-09-10 13:08:56.674362+00:00,2026-09-10 13:08:56.674362+00:00,0,False,2026-09-11
INTC,SP500,2010-01-01,,Intel,Information Technology,Semiconductors,0000050863,seed:historical,,fja05680/sp500,2026-09-10 13:08:56.674362+00:00,2026-09-12 14:48:09.608581+00:00,0,False,2026-09-11
INTU,SP500,2010-01-01,,Intuit,Information Technology,Application Software,0000896878,seed:historical,,fja05680/sp500,2026-09-10 13:08:56.674362+00:00,2026-09-12 14:48:09.608581+00:00,0,False,2026-09-11
INVH,SP500,2022-09-19,,Invitation Homes,Real Estate,Single-Family Residential REITs,0001687229,seed:historical,,fja05680/sp500,2026-09-10 13:08:56.674362+00:00,2026-09-12 14:48:09.608581+00:00,0,False,2026-09-11
IP,SP500,2010-01-01,,International Paper,Materials,Paper & Plastic Packaging Products & Materials,0000051434,seed:historical,,fja05680/sp500,2026-09-10 13:08:56.674362+00:00,2026-09-12 14:48:09.608581+00:00,0,False,2026-09-11
IPG,SP500,2010-01-01,2025-11-28,,,,,seed:historical,seed:index_removal,fja05680/sp500,2026-09-10 13:08:56.674362+00:00,2026-09-10 13:08:56.674362+00:00,4,False,
IPGP,SP500,2018-03-07,2022-06-21,,,,,seed:historical,seed:index_removal,fja05680/sp500,2026-09-10 13:08:56.674362+00:00,2026-09-10 13:08:56.674362+00:00,0,False,2026-09-11
IQV,SP500,2017-08-29,,IQVIA,Health Care,Life Sciences Tools & Services,0001478242,seed:historical,,fja05680/sp500,2026-09-10 13:08:56.674362+00:00,2026-09-12 14:48:09.608581+00:00,0,False,2026-09-11
IR,SP500,2010-11-17,,Ingersoll Rand,Industrials,Industrial Machinery & Supplies & Components,0001699150,seed:historical,,fja05680/sp500,2026-09-10 13:08:56.674362+00:00,2026-09-12 14:48:09.608581+00:00,0,False,2026-09-11
IRM,SP500,2010-01-01,,Iron Mountain,Real Estate,Other Specialized REITs,0001020569,seed:historical,,fja05680/sp500,2026-09-10 13:08:56.674362+00:00,2026-09-12 14:48:09.608581+00:00,0,False,2026-09-11
ISRG,SP500,2010-01-01,,Intuitive Surgical,Health Care,Health Care Equipment,0001035267,seed:historical,,fja05680/sp500,2026-09-10 13:08:56.674362+00:00,2026-09-12 14:48:09.608581+00:00,0,False,2026-09-11
IT,SP500,2017-04-05,,Gartner,Information Technology,IT Consulting & Other Services,0000749251,seed:historical,,fja05680/sp500,2026-09-10 13:08:56.674362+00:00,2026-09-12 14:48:09.608581+00:00,0,False,2026-09-11
ITB,ETF,2010-01-01,,iShares US Home Construction,,,,config:static_universe,,config,2026-09-10 23:35:33.049470+00:00,2026-09-10 23:35:33.049470+00:00,0,False,2026-09-11
ITT,SP500,2010-01-01,2011-11-01,,,,,seed:historical,seed:index_removal,fja05680/sp500,2026-09-10 13:08:56.674362+00:00,2026-09-10 13:08:56.674362+00:00,0,False,2026-09-11
ITW,SP500,2010-01-01,,Illinois Tool Works,Industrials,Industrial Machinery & Supplies & Components,0000049826,seed:historical,,fja05680/sp500,2026-09-10 13:08:56.674362+00:00,2026-09-12 14:48:09.608581+00:00,0,False,2026-09-11
IVZ,SP500,2010-01-01,,Invesco,Financials,Asset Management & Custody Banks,0000914208,seed:historical,,fja05680/sp500,2026-09-10 13:08:56.674362+00:00,2026-09-12 14:48:09.608581+00:00,0,False,2026-09-11
IWD,ETF,2010-01-01,,iShares Russell 1000 Value,,,,config:static_universe,,config,2026-09-10 23:35:33.049470+00:00,2026-09-10 23:35:33.049470+00:00,0,False,2026-09-11
IWF,ETF,2010-01-01,,iShares Russell 1000 Growth,,,,config:static_universe,,config,2026-09-10 23:35:33.049470+00:00,2026-09-10 23:35:33.049470+00:00,0,False,2026-09-11
IWM,ETF,2010-01-01,,iShares Russell 2000 (small cap),,,,config:static_universe,,config,2026-09-10 23:35:33.049470+00:00,2026-09-10 23:35:33.049470+00:00,0,False,2026-09-11
IYR,ETF,2010-01-01,,iShares US Real Estate,,,,config:static_universe,,config,2026-09-10 23:35:33.049470+00:00,2026-09-10 23:35:33.049470+00:00,0,False,2026-09-11
IYT,ETF,2010-01-01,,iShares US Transportation,,,,config:static_universe,,config,2026-09-10 23:35:33.049470+00:00,2026-09-10 23:35:33.049470+00:00,0,False,2026-09-11
J,SP500,2019-12-10,,Jacobs Solutions,Industrials,Construction & Engineering,0000052988,seed:historical,,fja05680/sp500,2026-09-10 13:08:56.674362+00:00,2026-09-12 14:48:09.608581+00:00,0,False,2026-09-11
JAVA,SP500,2010-01-01,2010-01-27,,,,,seed:historical,seed:index_removal,fja05680/sp500,2026-09-10 13:08:56.674362+00:00,2026-09-10 13:08:56.674362+00:00,0,False,2026-09-11
JBHT,SP500,2015-07-01,,J.B. Hunt,Industrials,Cargo Ground Transportation,0000728535,seed:historical,,fja05680/sp500,2026-09-10 13:08:56.674362+00:00,2026-09-12 14:48:09.608581+00:00,0,False,2026-09-11
JBL,SP500,2010-01-01,2014-11-05,Jabil,Information Technology,Electronic Manufacturing Services,0000898293,seed:historical,seed:index_removal,fja05680/sp500,2026-09-10 13:08:56.674362+00:00,2026-09-10 13:08:56.674362+00:00,0,False,
JBL,SP500,2023-12-18,,Jabil,Information Technology,Electronic Manufacturing Services,0000898293,seed:historical,,fja05680/sp500,2026-09-10 13:08:56.674362+00:00,2026-09-12 14:48:09.608581+00:00,0,False,2026-09-11
JCI,SP500,2010-01-01,,Johnson Controls,Industrials,Building Products,0000833444,seed:historical,,fja05680/sp500,2026-09-10 13:08:56.674362+00:00,2026-09-12 14:48:09.608581+00:00,0,False,2026-09-11
JCP,SP500,2010-01-01,2013-12-02,,,,,seed:historical,seed:index_removal,fja05680/sp500,2026-09-10 13:08:56.674362+00:00,2026-09-10 13:08:56.674362+00:00,4,False,
JEC,SP500,2010-01-01,2019-12-10,,,,,seed:historical,seed:index_removal,fja05680/sp500,2026-09-10 13:08:56.674362+00:00,2026-09-10 13:08:56.674362+00:00,4,False,
JEF,SP500,2010-01-01,2019-09-26,,,,,seed:historical,seed:index_removal,fja05680/sp500,2026-09-10 13:08:56.674362+00:00,2026-09-10 13:08:56.674362+00:00,0,False,2026-09-11
JKHY,SP500,2018-11-13,,Jack Henry & Associates,Financials,Transaction & Payment Processing Services,0000779152,seed:historical,,fja05680/sp500,2026-09-10 13:08:56.674362+00:00,2026-09-12 14:48:09.608581+00:00,0,False,2026-09-11
JNJ,SP500,2010-01-01,,Johnson & Johnson,Health Care,Pharmaceuticals,0000200406,seed:historical,,fja05680/sp500,2026-09-10 13:08:56.674362+00:00,2026-09-12 14:48:09.608581+00:00,0,False,2026-09-11
JNK,ETF,2010-01-01,,SPDR Bloomberg High Yield,,,,config:static_universe,,config,2026-09-10 23:35:33.049470+00:00,2026-09-10 23:35:33.049470+00:00,0,False,2026-09-11
JNPR,SP500,2010-01-01,2025-07-09,,,,,seed:historical,seed:index_removal,fja05680/sp500,2026-09-10 13:08:56.674362+00:00,2026-09-10 13:08:56.674362+00:00,4,False,
JNS,SP500,2010-01-01,2011-11-23,,,,,seed:historical,seed:index_removal,fja05680/sp500,2026-09-10 13:08:56.674362+00:00,2026-09-10 13:08:56.674362+00:00,4,False,
JOY,SP500,2011-02-28,2015-10-08,,,,,seed:historical,seed:index_removal,fja05680/sp500,2026-09-10 13:08:56.674362+00:00,2026-09-10 13:08:56.674362+00:00,4,False,
JPM,SP500,2010-01-01,,JPMorgan Chase,Financials,Diversified Banks,0000019617,seed:historical,,fja05680/sp500,2026-09-10 13:08:56.674362+00:00,2026-09-12 14:48:09.608581+00:00,0,False,2026-09-11
JWN,SP500,2010-01-01,2020-06-22,,,,,seed:historical,seed:index_removal,fja05680/sp500,2026-09-10 13:08:56.674362+00:00,2026-09-10 13:08:56.674362+00:00,4,False,
K,SP500,2010-01-01,2025-12-11,,,,,seed:historical,seed:index_removal,fja05680/sp500,2026-09-10 13:08:56.674362+00:00,2026-09-10 13:08:56.674362+00:00,4,False,
KDP,SP500,2010-01-01,2018-07-02,Keurig Dr Pepper,Consumer Staples,Soft Drinks & Non-alcoholic Beverages,0001418135,seed:historical,seed:index_removal,fja05680/sp500,2026-09-10 13:08:56.674362+00:00,2026-09-10 13:08:56.674362+00:00,0,False,
KDP,SP500,2022-06-21,,Keurig Dr Pepper,Consumer Staples,Soft Drinks & Non-alcoholic Beverages,0001418135,seed:historical,,fja05680/sp500,2026-09-10 13:08:56.674362+00:00,2026-09-12 14:48:09.608581+00:00,0,False,2026-09-11
KEY,SP500,2010-01-01,,KeyCorp,Financials,Regional Banks,0000091576,seed:historical,,fja05680/sp500,2026-09-10 13:08:56.674362+00:00,2026-09-12 14:48:09.608581+00:00,0,False,2026-09-11
KEYS,SP500,2018-11-06,,Keysight Technologies,Information Technology,Electronic Equipment & Instruments,0001601046,seed:historical,,fja05680/sp500,2026-09-10 13:08:56.674362+00:00,2026-09-12 14:48:09.608581+00:00,0,False,2026-09-11
KG,SP500,2010-01-01,2010-12-20,,,,,seed:historical,seed:index_removal,fja05680/sp500,2026-09-10 13:08:56.674362+00:00,2026-09-10 13:08:56.674362+00:00,0,False,2026-09-11
KHC,SP500,2015-07-06,,Kraft Heinz,Consumer Staples,Packaged Foods & Meats,0001637459,seed:historical,,fja05680/sp500,2026-09-10 13:08:56.674362+00:00,2026-09-12 14:48:09.608581+00:00,0,False,2026-09-11
KIM,SP500,2010-01-01,,Kimco Realty,Real Estate,Retail REITs,0000879101,seed:historical,,fja05680/sp500,2026-09-10 13:08:56.674362+00:00,2026-09-12 14:48:09.608581+00:00,0,False,2026-09-11
KKR,SP500,2024-06-24,,KKR & Co.,Financials,Asset Management & Custody Banks,0001404912,seed:historical,,fja05680/sp500,2026-09-10 13:08:56.674362+00:00,2026-09-12 14:48:09.608581+00:00,0,False,2026-09-11
KLAC,SP500,2010-01-01,,KLA Corporation,Information Technology,Semiconductor Materials & Equipment,0000319201,seed:historical,,fja05680/sp500,2026-09-10 13:08:56.674362+00:00,2026-09-12 14:48:09.608581+00:00,0,False,2026-09-11
KMB,SP500,2010-01-01,,Kimberly-Clark,Consumer Staples,Household Products,0000055785,seed:historical,,fja05680/sp500,2026-09-10 13:08:56.674362+00:00,2026-09-12 14:48:09.608581+00:00,0,False,2026-09-11
KMI,SP500,2012-05-25,,Kinder Morgan,Energy,Oil & Gas Storage & Transportation,0001506307,seed:historical,,fja05680/sp500,2026-09-10 13:08:56.674362+00:00,2026-09-12 14:48:09.608581+00:00,0,False,2026-09-11
KMX,SP500,2010-06-28,2025-10-31,,,,,seed:historical,seed:index_removal,fja05680/sp500,2026-09-10 13:08:56.674362+00:00,2026-09-10 13:08:56.674362+00:00,0,False,2026-09-11
KO,SP500,2010-01-01,,Coca-Cola Company (The),Consumer Staples,Soft Drinks & Non-alcoholic Beverages,0000021344,seed:historical,,fja05680/sp500,2026-09-10 13:08:56.674362+00:00,2026-09-12 14:48:09.608581+00:00,0,False,2026-09-11
KORS,SP500,2013-11-13,2018-09-19,,,,,seed:historical,seed:index_removal,fja05680/sp500,2026-09-10 13:08:56.674362+00:00,2026-09-10 13:08:56.674362+00:00,4,False,
KR,SP500,2010-01-01,,Kroger,Consumer Staples,Food Retail,0000056873,seed:historical,,fja05680/sp500,2026-09-10 13:08:56.674362+00:00,2026-09-12 14:48:09.608581+00:00,0,False,2026-09-11
KRE,ETF,2010-01-01,,SPDR S&P Regional Banking,,,,config:static_universe,,config,2026-09-10 23:35:33.049470+00:00,2026-09-10 23:35:33.049470+00:00,0,False,2026-09-11
KRFT,SP500,2012-10-02,2015-07-06,,,,,seed:historical,seed:index_removal,fja05680/sp500,2026-09-10 13:08:56.674362+00:00,2026-09-10 13:08:56.674362+00:00,4,False,
KSS,SP500,2010-01-01,2020-09-21,,,,,seed:historical,seed:index_removal,fja05680/sp500,2026-09-10 13:08:56.674362+00:00,2026-09-10 13:08:56.674362+00:00,0,False,2026-09-11
KSU,SP500,2013-05-24,2021-12-14,,,,,seed:historical,seed:index_removal,fja05680/sp500,2026-09-10 13:08:56.674362+00:00,2026-09-10 13:08:56.674362+00:00,4,False,
KVUE,SP500,2023-08-25,,Kenvue,Consumer Staples,Personal Care Products,0001944048,seed:historical,,fja05680/sp500,2026-09-10 13:08:56.674362+00:00,2026-09-12 14:48:09.608581+00:00,0,False,2026-09-11
L,SP500,2010-01-01,,Loews Corporation,Financials,Multi-line Insurance,0000060086,seed:historical,,fja05680/sp500,2026-09-10 13:08:56.674362+00:00,2026-09-12 14:48:09.608581+00:00,0,False,2026-09-11
LB,SP500,2010-01-01,2021-08-03,,,,,seed:historical,seed:index_removal,fja05680/sp500,2026-09-10 13:08:56.674362+00:00,2026-09-10 13:08:56.674362+00:00,0,False,2026-09-11
LDOS,SP500,2010-01-01,2013-09-23,Leidos,Industrials,Diversified Support Services,0001336920,seed:historical,seed:index_removal,fja05680/sp500,2026-09-10 13:08:56.674362+00:00,2026-09-10 13:08:56.674362+00:00,0,False,
LDOS,SP500,2019-08-09,,Leidos,Industrials,Diversified Support Services,0001336920,seed:historical,,fja05680/sp500,2026-09-10 13:08:56.674362+00:00,2026-09-12 14:48:09.608581+00:00,0,False,2026-09-11
LEG,SP500,2010-01-01,2021-12-20,,,,,seed:historical,seed:index_removal,fja05680/sp500,2026-09-10 13:08:56.674362+00:00,2026-09-10 13:08:56.674362+00:00,4,False,
LEN,SP500,2010-01-01,,Lennar,Consumer Discretionary,Homebuilding,0000920760,seed:historical,,fja05680/sp500,2026-09-10 13:08:56.674362+00:00,2026-09-12 14:48:09.608581+00:00,0,False,2026-09-11
LH,SP500,2010-01-01,,Labcorp,Health Care,Health Care Services,0000920148,seed:historical,,fja05680/sp500,2026-09-10 13:08:56.674362+00:00,2026-09-12 14:48:09.608581+00:00,0,False,2026-09-11
LHX,SP500,2019-06-01,,L3Harris,Industrials,Aerospace & Defense,0000202058,seed:historical,,fja05680/sp500,2026-09-10 13:08:56.674362+00:00,2026-09-12 14:48:09.608581+00:00,0,False,2026-09-11
LIFE,SP500,2010-01-01,2014-01-24,,,,,seed:historical,seed:index_removal,fja05680/sp500,2026-09-10 13:08:56.674362+00:00,2026-09-10 13:08:56.674362+00:00,0,False,2026-09-11
LII,SP500,2024-12-23,,Lennox International,Industrials,Building Products,0001069202,seed:historical,,fja05680/sp500,2026-09-10 13:08:56.674362+00:00,2026-09-12 14:48:09.608581+00:00,0,False,2026-09-11
LIN,SP500,2018-11-06,,Linde plc,Materials,Industrial Gases,0001707925,seed:historical,,fja05680/sp500,2026-09-10 13:08:56.674362+00:00,2026-09-12 14:48:09.608581+00:00,0,False,2026-09-11
LITE,SP500,2026-03-23,,Lumentum,Information Technology,Communications Equipment,0001633978,seed:historical,,fja05680/sp500,2026-09-10 13:08:56.674362+00:00,2026-09-12 14:48:09.608581+00:00,0,False,2026-09-11
LKQ,SP500,2016-05-23,2025-12-22,,,,,seed:historical,seed:index_removal,fja05680/sp500,2026-09-10 13:08:56.674362+00:00,2026-09-10 13:08:56.674362+00:00,0,False,2026-09-11
LLL,SP500,2010-01-01,2019-07-01,,,,,seed:historical,seed:index_removal,fja05680/sp500,2026-09-10 13:08:56.674362+00:00,2026-09-10 13:08:56.674362+00:00,4,False,
LLTC,SP500,2010-01-01,2017-03-13,,,,,seed:historical,seed:index_removal,fja05680/sp500,2026-09-10 13:08:56.674362+00:00,2026-09-10 13:08:56.674362+00:00,4,False,
LLY,SP500,2010-01-01,,Lilly (Eli),Health Care,Pharmaceuticals,0000059478,seed:historical,,fja05680/sp500,2026-09-10 13:08:56.674362+00:00,2026-09-12 14:48:09.608581+00:00,0,False,2026-09-11
LM,SP500,2010-01-01,2016-12-02,,,,,seed:historical,seed:index_removal,fja05680/sp500,2026-09-10 13:08:56.674362+00:00,2026-09-10 13:08:56.674362+00:00,4,False,
LMT,SP500,2010-01-01,,Lockheed Martin,Industrials,Aerospace & Defense,0000936468,seed:historical,,fja05680/sp500,2026-09-10 13:08:56.674362+00:00,2026-09-12 14:48:09.608581+00:00,0,False,2026-09-11
LNC,SP500,2010-01-01,2023-09-18,,,,,seed:historical,seed:index_removal,fja05680/sp500,2026-09-10 13:08:56.674362+00:00,2026-09-10 13:08:56.674362+00:00,0,False,2026-09-11
LNT,SP500,2016-07-01,,Alliant Energy,Utilities,Electric Utilities,0000352541,seed:historical,,fja05680/sp500,2026-09-10 13:08:56.674362+00:00,2026-09-12 14:48:09.608581+00:00,0,False,2026-09-11
LO,SP500,2010-01-01,2015-06-12,,,,,seed:historical,seed:index_removal,fja05680/sp500,2026-09-10 13:08:56.674362+00:00,2026-09-10 13:08:56.674362+00:00,4,False,
LOW,SP500,2010-01-01,,Lowe's,Consumer Discretionary,Home Improvement Retail,0000060667,seed:historical,,fja05680/sp500,2026-09-10 13:08:56.674362+00:00,2026-09-12 14:48:09.608581+00:00,0,False,2026-09-11
LQD,ETF,2010-01-01,,iShares Investment Grade Corporate,,,,config:static_universe,,config,2026-09-10 23:35:33.049470+00:00,2026-09-10 23:35:33.049470+00:00,0,False,2026-09-11
LRCX,SP500,2012-06-05,,Lam Research,Information Technology,Semiconductor Materials & Equipment,0000707549,seed:historical,,fja05680/sp500,2026-09-10 13:08:56.674362+00:00,2026-09-12 14:48:09.608581+00:00,0,False,2026-09-11
LSI,SP500,2010-01-01,2014-05-07,,,,,seed:historical,seed:index_removal,fja05680/sp500,2026-09-10 13:08:56.674362+00:00,2026-09-10 13:08:56.674362+00:00,4,False,
LULU,SP500,2023-10-18,,Lululemon Athletica,Consumer Discretionary,"Apparel, Accessories & Luxury Goods",0001397187,seed:historical,,fja05680/sp500,2026-09-10 13:08:56.674362+00:00,2026-09-12 14:48:09.608581+00:00,0,False,2026-09-11
LUMN,SP500,2020-09-18,2023-03-20,,,,,seed:historical,seed:index_removal,fja05680/sp500,2026-09-10 13:08:56.674362+00:00,2026-09-10 13:08:56.674362+00:00,0,False,2026-09-11
LUV,SP500,2010-01-01,,Southwest Airlines,Industrials,Passenger Airlines,0000092380,seed:historical,,fja05680/sp500,2026-09-10 13:08:56.674362+00:00,2026-09-12 14:48:09.608581+00:00,0,False,2026-09-11
LVLT,SP500,2014-11-05,2017-10-13,,,,,seed:historical,seed:index_removal,fja05680/sp500,2026-09-10 13:08:56.674362+00:00,2026-09-10 13:08:56.674362+00:00,4,False,
LVS,SP500,2019-10-03,,Las Vegas Sands,Consumer Discretionary,Casinos & Gaming,0001300514,seed:historical,,fja05680/sp500,2026-09-10 13:08:56.674362+00:00,2026-09-12 14:48:09.608581+00:00,0,False,2026-09-11
LW,SP500,2018-12-03,2026-03-23,,,,,seed:historical,seed:index_removal,fja05680/sp500,2026-09-10 13:08:56.674362+00:00,2026-09-10 13:08:56.674362+00:00,0,False,2026-09-11
LXK,SP500,2010-01-01,2012-10-01,,,,,seed:historical,seed:index_removal,fja05680/sp500,2026-09-10 13:08:56.674362+00:00,2026-09-10 13:08:56.674362+00:00,4,False,
LYB,SP500,2012-09-05,,LyondellBasell,Materials,Specialty Chemicals,0001489393,seed:historical,,fja05680/sp500,2026-09-10 13:08:56.674362+00:00,2026-09-12 14:48:09.608581+00:00,0,False,2026-09-11
LYV,SP500,2019-12-23,,Live Nation Entertainment,Communication Services,Movies & Entertainment,0001335258,seed:historical,,fja05680/sp500,2026-09-10 13:08:56.674362+00:00,2026-09-12 14:48:09.608581+00:00,0,False,2026-09-11
M,SP500,2010-01-01,2020-04-06,,,,,seed:historical,seed:index_removal,fja05680/sp500,2026-09-10 13:08:56.674362+00:00,2026-09-10 13:08:56.674362+00:00,0,False,2026-09-11
MA,SP500,2010-01-01,,Mastercard,Financials,Transaction & Payment Processing Services,0001141391,seed:historical,,fja05680/sp500,2026-09-10 13:08:56.674362+00:00,2026-09-12 14:48:09.608581+00:00,0,False,2026-09-11
MAA,SP500,2016-12-02,,Mid-America Apartment Communities,Real Estate,Multi-Family Residential REITs,0000912595,seed:historical,,fja05680/sp500,2026-09-10 13:08:56.674362+00:00,2026-09-12 14:48:09.608581+00:00,0,False,2026-09-11
MAC,SP500,2013-05-09,2019-12-23,,,,,seed:historical,seed:index_removal,fja05680/sp500,2026-09-10 13:08:56.674362+00:00,2026-09-10 13:08:56.674362+00:00,0,False,2026-09-11
MAR,SP500,2010-01-01,,Marriott International,Consumer Discretionary,"Hotels, Resorts & Cruise Lines",0001048286,seed:historical,,fja05680/sp500,2026-09-10 13:08:56.674362+00:00,2026-09-12 14:48:09.608581+00:00,0,False,2026-09-11
MAS,SP500,2010-01-01,,Masco,Industrials,Building Products,0000062996,seed:historical,,fja05680/sp500,2026-09-10 13:08:56.674362+00:00,2026-09-12 14:48:09.608581+00:00,0,False,2026-09-11
MAT,SP500,2010-01-01,2019-06-07,,,,,seed:historical,seed:index_removal,fja05680/sp500,2026-09-10 13:08:56.674362+00:00,2026-09-10 13:08:56.674362+00:00,0,False,2026-09-11
MCD,SP500,2010-01-01,,McDonald's,Consumer Discretionary,Restaurants,0000063908,seed:historical,,fja05680/sp500,2026-09-10 13:08:56.674362+00:00,2026-09-12 14:48:09.608581+00:00,0,False,2026-09-11
MCHP,SP500,2010-01-01,,Microchip Technology,Information Technology,Semiconductors,0000827054,seed:historical,,fja05680/sp500,2026-09-10 13:08:56.674362+00:00,2026-09-12 14:48:09.608581+00:00,0,False,2026-09-11
MCK,SP500,2010-01-01,,McKesson Corporation,Health Care,Health Care Distributors,0000927653,seed:historical,,fja05680/sp500,2026-09-10 13:08:56.674362+00:00,2026-09-12 14:48:09.608581+00:00,0,False,2026-09-11
MCO,SP500,2010-01-01,,Moody's Corporation,Financials,Financial Exchanges & Data,0001059556,seed:historical,,fja05680/sp500,2026-09-10 13:08:56.674362+00:00,2026-09-12 14:48:09.608581+00:00,0,False,2026-09-11
MDLZ,SP500,2010-01-01,,Mondelez International,Consumer Staples,Packaged Foods & Meats,0001103982,seed:historical,,fja05680/sp500,2026-09-10 13:08:56.674362+00:00,2026-09-12 14:48:09.608581+00:00,0,False,2026-09-11
MDP,SP500,2010-01-01,2011-01-04,,,,,seed:historical,seed:index_removal,fja05680/sp500,2026-09-10 13:08:56.674362+00:00,2026-09-10 13:08:56.674362+00:00,4,False,
MDT,SP500,2010-01-01,,Medtronic,Health Care,Health Care Equipment,0001613103,seed:historical,,fja05680/sp500,2026-09-10 13:08:56.674362+00:00,2026-09-12 14:48:09.608581+00:00,0,False,2026-09-11
MDY,ETF,2010-01-01,,SPDR S&P MidCap 400,,,,config:static_universe,,config,2026-09-10 23:35:33.049470+00:00,2026-09-10 23:35:33.049470+00:00,0,False,2026-09-11
MEE,SP500,2010-01-01,2011-06-02,,,,,seed:historical,seed:index_removal,fja05680/sp500,2026-09-10 13:08:56.674362+00:00,2026-09-10 13:08:56.674362+00:00,4,False,
MET,SP500,2010-01-01,,MetLife,Financials,Life & Health Insurance,0001099219,seed:historical,,fja05680/sp500,2026-09-10 13:08:56.674362+00:00,2026-09-12 14:48:09.608581+00:00,0,False,2026-09-11
META,SP500,2022-06-09,,Meta Platforms,Communication Services,Interactive Media & Services,0001326801,seed:historical,,fja05680/sp500,2026-09-10 13:08:56.674362+00:00,2026-09-12 14:48:09.608581+00:00,0,False,2026-09-11
MFE,SP500,2010-01-01,2011-03-01,,,,,seed:historical,seed:index_removal,fja05680/sp500,2026-09-10 13:08:56.674362+00:00,2026-09-10 13:08:56.674362+00:00,4,False,
MGM,SP500,2017-07-26,,MGM Resorts,Consumer Discretionary,Casinos & Gaming,0000789570,seed:historical,,fja05680/sp500,2026-09-10 13:08:56.674362+00:00,2026-09-12 14:48:09.608581+00:00,0,False,2026-09-11
MHK,SP500,2013-12-23,2025-12-22,,,,,seed:historical,seed:index_removal,fja05680/sp500,2026-09-10 13:08:56.674362+00:00,2026-09-10 13:08:56.674362+00:00,0,False,2026-09-11
MHS,SP500,2010-01-01,2012-04-02,,,,,seed:historical,seed:index_removal,fja05680/sp500,2026-09-10 13:08:56.674362+00:00,2026-09-10 13:08:56.674362+00:00,4,False,
MI,SP500,2010-01-01,2011-07-06,,,,,seed:historical,seed:index_removal,fja05680/sp500,2026-09-10 13:08:56.674362+00:00,2026-09-10 13:08:56.674362+00:00,0,False,2026-09-11
MIL,SP500,2010-01-01,2010-07-15,,,,,seed:historical,seed:index_removal,fja05680/sp500,2026-09-10 13:08:56.674362+00:00,2026-09-10 13:08:56.674362+00:00,4,False,
MJN,SP500,2010-01-01,2017-06-15,,,,,seed:historical,seed:index_removal,fja05680/sp500,2026-09-10 13:08:56.674362+00:00,2026-09-10 13:08:56.674362+00:00,4,False,
MKC,SP500,2010-01-01,,McCormick & Company,Consumer Staples,Packaged Foods & Meats,0000063754,seed:historical,,fja05680/sp500,2026-09-10 13:08:56.674362+00:00,2026-09-12 14:48:09.608581+00:00,0,False,2026-09-11
MKTX,SP500,2019-07-01,2025-09-22,,,,,seed:historical,seed:index_removal,fja05680/sp500,2026-09-10 13:08:56.674362+00:00,2026-09-10 13:08:56.674362+00:00,0,False,2026-09-11
MLM,SP500,2014-07-02,,Martin Marietta Materials,Materials,Construction Materials,0000916076,seed:historical,,fja05680/sp500,2026-09-10 13:08:56.674362+00:00,2026-09-12 14:48:09.608581+00:00,0,False,2026-09-11
MMC,SP500,2010-01-01,2026-01-14,,,,,seed:historical,seed:index_removal,fja05680/sp500,2026-09-10 13:08:56.674362+00:00,2026-09-10 13:08:56.674362+00:00,4,False,
MMI,SP500,2011-01-04,2012-05-22,,,,,seed:historical,seed:index_removal,fja05680/sp500,2026-09-10 13:08:56.674362+00:00,2026-09-10 13:08:56.674362+00:00,0,False,2026-09-11
MMM,SP500,2010-01-01,,3M,Industrials,Industrial Conglomerates,0000066740,seed:historical,,fja05680/sp500,2026-09-10 13:08:56.674362+00:00,2026-09-12 14:48:09.608581+00:00,0,False,2026-09-11
MNK,SP500,2014-08-19,2017-07-26,,,,,seed:historical,seed:index_removal,fja05680/sp500,2026-09-10 13:08:56.674362+00:00,2026-09-10 13:08:56.674362+00:00,4,False,
MNST,SP500,2012-06-29,,Monster Beverage,Consumer Staples,Soft Drinks & Non-alcoholic Beverages,0000865752,seed:historical,,fja05680/sp500,2026-09-10 13:08:56.674362+00:00,2026-09-12 14:48:09.608581+00:00,0,False,2026-09-11
MO,SP500,2010-01-01,,Altria,Consumer Staples,Tobacco,0000764180,seed:historical,,fja05680/sp500,2026-09-10 13:08:56.674362+00:00,2026-09-12 14:48:09.608581+00:00,0,False,2026-09-11
MOH,SP500,2022-03-02,2026-03-23,,,,,seed:historical,seed:index_removal,fja05680/sp500,2026-09-10 13:08:56.674362+00:00,2026-09-10 13:08:56.674362+00:00,0,False,2026-09-11
MOLX,SP500,2010-01-01,2013-12-09,,,,,seed:historical,seed:index_removal,fja05680/sp500,2026-09-10 13:08:56.674362+00:00,2026-09-10 13:08:56.674362+00:00,4,False,
MON,SP500,2010-01-01,2018-06-07,,,,,seed:historical,seed:index_removal,fja05680/sp500,2026-09-10 13:08:56.674362+00:00,2026-09-10 13:08:56.674362+00:00,4,False,
MOS,SP500,2011-09-26,,Mosaic Company (The),Materials,Fertilizers & Agricultural Chemicals,0001285785,seed:historical,,fja05680/sp500,2026-09-10 13:08:56.674362+00:00,2026-09-12 14:48:09.608581+00:00,0,False,2026-09-11
MPC,SP500,2011-07-01,,Marathon Petroleum,Energy,Oil & Gas Refining & Marketing,0001510295,seed:historical,,fja05680/sp500,2026-09-10 13:08:56.674362+00:00,2026-09-12 14:48:09.608581+00:00,0,False,2026-09-11
MPWR,SP500,2021-02-12,,Monolithic Power Systems,Information Technology,Semiconductors,0001280452,seed:historical,,fja05680/sp500,2026-09-10 13:08:56.674362+00:00,2026-09-12 14:48:09.608581+00:00,0,False,2026-09-11
MRK,SP500,2010-01-01,,Merck & Co.,Health Care,Pharmaceuticals,0000310158,seed:historical,,fja05680/sp500,2026-09-10 13:08:56.674362+00:00,2026-09-12 14:48:09.608581+00:00,0,False,2026-09-11
MRNA,SP500,2021-07-21,,Moderna,Health Care,Biotechnology,0001682852,seed:historical,,fja05680/sp500,2026-09-10 13:08:56.674362+00:00,2026-09-12 14:48:09.608581+00:00,0,False,2026-09-11
MRO,SP500,2010-01-01,2024-11-26,,,,,seed:historical,seed:index_removal,fja05680/sp500,2026-09-10 13:08:56.674362+00:00,2026-09-10 13:08:56.674362+00:00,4,False,
MRSH,SP500,2026-01-14,,Marsh McLennan,Financials,Insurance Brokers,0000062709,seed:historical,,fja05680/sp500,2026-09-10 13:08:56.674362+00:00,2026-09-12 14:48:09.608581+00:00,0,False,2026-09-11
MRVL,SP500,2026-06-22,,Marvell Technology,Information Technology,Semiconductors,0001835632,seed:historical,,fja05680/sp500,2026-09-10 13:08:56.674362+00:00,2026-09-12 14:48:09.608581+00:00,0,False,2026-09-11
MS,SP500,2010-01-01,,Morgan Stanley,Financials,Investment Banking & Brokerage,0000895421,seed:historical,,fja05680/sp500,2026-09-10 13:08:56.674362+00:00,2026-09-12 14:48:09.608581+00:00,0,False,2026-09-11
MSCI,SP500,2018-04-04,,MSCI,Financials,Financial Exchanges & Data,0001408198,seed:historical,,fja05680/sp500,2026-09-10 13:08:56.674362+00:00,2026-09-12 14:48:09.608581+00:00,0,False,2026-09-11
MSFT,SP500,2010-01-01,,Microsoft,Information Technology,Systems Software,0000789019,seed:historical,,fja05680/sp500,2026-09-10 13:08:56.674362+00:00,2026-09-12 14:48:09.608581+00:00,0,False,2026-09-11
MSI,SP500,2010-01-01,,Motorola Solutions,Information Technology,Communications Equipment,0000068505,seed:historical,,fja05680/sp500,2026-09-10 13:08:56.674362+00:00,2026-09-12 14:48:09.608581+00:00,0,False,2026-09-11
MTB,SP500,2010-01-01,,M&T Bank,Financials,Regional Banks,0000036270,seed:historical,,fja05680/sp500,2026-09-10 13:08:56.674362+00:00,2026-09-12 14:48:09.608581+00:00,0,False,2026-09-11
MTCH,SP500,2021-09-20,2026-03-23,,,,,seed:historical,seed:index_removal,fja05680/sp500,2026-09-10 13:08:56.674362+00:00,2026-09-10 13:08:56.674362+00:00,0,False,2026-09-11
MTD,SP500,2016-09-06,,Mettler Toledo,Health Care,Life Sciences Tools & Services,0001037646,seed:historical,,fja05680/sp500,2026-09-10 13:08:56.674362+00:00,2026-09-12 14:48:09.608581+00:00,0,False,2026-09-11
MTUM,ETF,2010-01-01,,iShares MSCI USA Momentum,,,,config:static_universe,,config,2026-09-10 23:35:33.049470+00:00,2026-09-10 23:35:33.049470+00:00,0,False,2026-09-11
MU,SP500,2010-01-01,,Micron Technology,Information Technology,Semiconductors,0000723125,seed:historical,,fja05680/sp500,2026-09-10 13:08:56.674362+00:00,2026-09-12 14:48:09.608581+00:00,0,False,2026-09-11
MUR,SP500,2010-01-01,2017-07-26,,,,,seed:historical,seed:index_removal,fja05680/sp500,2026-09-10 13:08:56.674362+00:00,2026-09-10 13:08:56.674362+00:00,0,False,2026-09-11
MWV,SP500,2010-01-01,2015-07-02,,,,,seed:historical,seed:index_removal,fja05680/sp500,2026-09-10 13:08:56.674362+00:00,2026-09-10 13:08:56.674362+00:00,4,False,
MWW,SP500,2010-01-01,2011-12-19,,,,,seed:historical,seed:index_removal,fja05680/sp500,2026-09-10 13:08:56.674362+00:00,2026-09-10 13:08:56.674362+00:00,4,False,
MXIM,SP500,2018-12-03,2021-08-30,,,,,seed:historical,seed:index_removal,fja05680/sp500,2026-09-10 13:08:56.674362+00:00,2026-09-10 13:08:56.674362+00:00,4,False,
MYL,SP500,2010-01-01,2020-11-17,,,,,seed:historical,seed:index_removal,fja05680/sp500,2026-09-10 13:08:56.674362+00:00,2026-09-10 13:08:56.674362+00:00,4,False,
NAVI,SP500,2014-05-01,2018-06-05,,,,,seed:historical,seed:index_removal,fja05680/sp500,2026-09-10 13:08:56.674362+00:00,2026-09-10 13:08:56.674362+00:00,0,False,2026-09-11
NBL,SP500,2010-01-01,2020-10-12,,,,,seed:historical,seed:index_removal,fja05680/sp500,2026-09-10 13:08:56.674362+00:00,2026-09-10 13:08:56.674362+00:00,4,False,
NBR,SP500,2010-01-01,2015-03-23,,,,,seed:historical,seed:index_removal,fja05680/sp500,2026-09-10 13:08:56.674362+00:00,2026-09-10 13:08:56.674362+00:00,0,False,2026-09-11
NCLH,SP500,2017-10-13,,Norwegian Cruise Line Holdings,Consumer Discretionary,"Hotels, Resorts & Cruise Lines",0001513761,seed:historical,,fja05680/sp500,2026-09-10 13:08:56.674362+00:00,2026-09-12 14:48:09.608581+00:00,0,False,2026-09-11
NDAQ,SP500,2010-01-01,,"Nasdaq, Inc.",Financials,Financial Exchanges & Data,0001120193,seed:historical,,fja05680/sp500,2026-09-10 13:08:56.674362+00:00,2026-09-12 14:48:09.608581+00:00,0,False,2026-09-11
NDSN,SP500,2022-02-15,,Nordson Corporation,Industrials,Industrial Machinery & Supplies & Components,0000072331,seed:historical,,fja05680/sp500,2026-09-10 13:08:56.674362+00:00,2026-09-12 14:48:09.608581+00:00,0,False,2026-09-11
NE,SP500,2011-01-18,2015-07-20,,,,,seed:historical,seed:index_removal,fja05680/sp500,2026-09-10 13:08:56.674362+00:00,2026-09-10 13:08:56.674362+00:00,0,False,2026-09-11
NEE,SP500,2010-01-01,,NextEra Energy,Utilities,Multi-Utilities,0000753308,seed:historical,,fja05680/sp500,2026-09-10 13:08:56.674362+00:00,2026-09-12 14:48:09.608581+00:00,0,False,2026-09-11
NEM,SP500,2010-01-01,,Newmont,Materials,Gold,0001164727,seed:historical,,fja05680/sp500,2026-09-10 13:08:56.674362+00:00,2026-09-12 14:48:09.608581+00:00,0,False,2026-09-11
NFLX,SP500,2010-12-20,,Netflix,Communication Services,Movies & Entertainment,0001065280,seed:historical,,fja05680/sp500,2026-09-10 13:08:56.674362+00:00,2026-09-12 14:48:09.608581+00:00,0,False,2026-09-11
NFX,SP500,2010-12-20,2019-02-15,,,,,seed:historical,seed:index_removal,fja05680/sp500,2026-09-10 13:08:56.674362+00:00,2026-09-10 13:08:56.674362+00:00,0,False,2026-09-11
NI,SP500,2010-01-01,,NiSource,Utilities,Multi-Utilities,0001111711,seed:historical,,fja05680/sp500,2026-09-10 13:08:56.674362+00:00,2026-09-12 14:48:09.608581+00:00,0,False,2026-09-11
NKE,SP500,2010-01-01,,"Nike, Inc.",Consumer Discretionary,"Apparel, Accessories & Luxury Goods",0000320187,seed:historical,,fja05680/sp500,2026-09-10 13:08:56.674362+00:00,2026-09-12 14:48:09.608581+00:00,0,False,2026-09-11
NKTR,SP500,2018-03-19,2019-10-03,,,,,seed:historical,seed:index_removal,fja05680/sp500,2026-09-10 13:08:56.674362+00:00,2026-09-10 13:08:56.674362+00:00,0,False,2026-09-11
NLOK,SP500,2019-11-05,2022-11-08,,,,,seed:historical,seed:index_removal,fja05680/sp500,2026-09-10 13:08:56.674362+00:00,2026-09-10 13:08:56.674362+00:00,4,False,
NLSN,SP500,2013-07-09,2022-10-12,,,,,seed:historical,seed:index_removal,fja05680/sp500,2026-09-10 13:08:56.674362+00:00,2026-09-10 13:08:56.674362+00:00,4,False,
NOBL,ETF,2010-01-01,,ProShares S&P 500 Dividend Aristocrats,,,,config:static_universe,,config,2026-09-10 23:35:33.049470+00:00,2026-09-10 23:35:33.049470+00:00,0,False,2026-09-11
NOC,SP500,2010-01-01,,Northrop Grumman,Industrials,Aerospace & Defense,0001133421,seed:historical,,fja05680/sp500,2026-09-10 13:08:56.674362+00:00,2026-09-12 14:48:09.608581+00:00,0,False,2026-09-11
NOV,SP500,2010-01-01,2021-09-20,,,,,seed:historical,seed:index_removal,fja05680/sp500,2026-09-10 13:08:56.674362+00:00,2026-09-10 13:08:56.674362+00:00,0,False,2026-09-11
NOVL,SP500,2010-01-01,2011-04-28,,,,,seed:historical,seed:index_removal,fja05680/sp500,2026-09-10 13:08:56.674362+00:00,2026-09-10 13:08:56.674362+00:00,4,False,
NOW,SP500,2019-11-21,,ServiceNow,Information Technology,Systems Software,0001373715,seed:historical,,fja05680/sp500,2026-09-10 13:08:56.674362+00:00,2026-09-12 14:48:09.608581+00:00,0,False,2026-09-11
NRG,SP500,2010-01-29,,NRG Energy,Utilities,Independent Power Producers & Energy Traders,0001013871,seed:historical,,fja05680/sp500,2026-09-10 13:08:56.674362+00:00,2026-09-12 14:48:09.608581+00:00,0,False,2026-09-11
NSC,SP500,2010-01-01,,Norfolk Southern,Industrials,Rail Transportation,0000702165,seed:historical,,fja05680/sp500,2026-09-10 13:08:56.674362+00:00,2026-09-12 14:48:09.608581+00:00,0,False,2026-09-11
NSM,SP500,2010-01-01,2011-09-26,,,,,seed:historical,seed:index_removal,fja05680/sp500,2026-09-10 13:08:56.674362+00:00,2026-09-10 13:08:56.674362+00:00,4,False,
NTAP,SP500,2010-01-01,,NetApp,Information Technology,"Technology Hardware, Storage & Peripherals",0001002047,seed:historical,,fja05680/sp500,2026-09-10 13:08:56.674362+00:00,2026-09-12 14:48:09.608581+00:00,0,False,2026-09-11
NTRS,SP500,2010-01-01,,Northern Trust,Financials,Asset Management & Custody Banks,0000073124,seed:historical,,fja05680/sp500,2026-09-10 13:08:56.674362+00:00,2026-09-12 14:48:09.608581+00:00,0,False,2026-09-11
NUE,SP500,2010-01-01,,Nucor,Materials,Steel,0000073309,seed:historical,,fja05680/sp500,2026-09-10 13:08:56.674362+00:00,2026-09-12 14:48:09.608581+00:00,0,False,2026-09-11
NVDA,SP500,2010-01-01,,Nvidia,Information Technology,Semiconductors,0001045810,seed:historical,,fja05680/sp500,2026-09-10 13:08:56.674362+00:00,2026-09-12 14:48:09.608581+00:00,0,False,2026-09-11
NVLS,SP500,2010-01-01,2012-06-05,,,,,seed:historical,seed:index_removal,fja05680/sp500,2026-09-10 13:08:56.674362+00:00,2026-09-10 13:08:56.674362+00:00,4,False,
NVR,SP500,2019-09-26,,"NVR, Inc.",Consumer Discretionary,Homebuilding,0000906163,seed:historical,,fja05680/sp500,2026-09-10 13:08:56.674362+00:00,2026-09-12 14:48:09.608581+00:00,0,False,2026-09-11
NWL,SP500,2010-01-01,2023-09-18,,,,,seed:historical,seed:index_removal,fja05680/sp500,2026-09-10 13:08:56.674362+00:00,2026-09-10 13:08:56.674362+00:00,0,False,2026-09-11
NWS,SP500,2015-09-21,,News Corp (Class B),Communication Services,Publishing,0001564708,seed:historical,,fja05680/sp500,2026-09-10 13:08:56.674362+00:00,2026-09-12 14:48:09.608581+00:00,0,False,2026-09-11
NWSA,SP500,2013-07-01,,News Corp (Class A),Communication Services,Publishing,0001564708,seed:historical,,fja05680/sp500,2026-09-10 13:08:56.674362+00:00,2026-09-12 14:48:09.608581+00:00,0,False,2026-09-11
NXPI,SP500,2021-03-22,,NXP Semiconductors,Information Technology,Semiconductors,0001413447,seed:historical,,fja05680/sp500,2026-09-10 13:08:56.674362+00:00,2026-09-12 14:48:09.608581+00:00,0,False,2026-09-11
NYT,SP500,2010-01-01,2010-12-20,,,,,seed:historical,seed:index_removal,fja05680/sp500,2026-09-10 13:08:56.674362+00:00,2026-09-10 13:08:56.674362+00:00,0,False,2026-09-11
NYX,SP500,2010-01-01,2013-11-13,,,,,seed:historical,seed:index_removal,fja05680/sp500,2026-09-10 13:08:56.674362+00:00,2026-09-10 13:08:56.674362+00:00,4,False,
O,SP500,2015-04-07,,Realty Income,Real Estate,Retail REITs,0000726728,seed:historical,,fja05680/sp500,2026-09-10 13:08:56.674362+00:00,2026-09-12 14:48:09.608581+00:00,0,False,2026-09-11
ODFL,SP500,2019-12-09,,Old Dominion,Industrials,Cargo Ground Transportation,0000878927,seed:historical,,fja05680/sp500,2026-09-10 13:08:56.674362+00:00,2026-09-12 14:48:09.608581+00:00,0,False,2026-09-11
ODP,SP500,2010-01-01,2010-12-20,,,,,seed:historical,seed:index_removal,fja05680/sp500,2026-09-10 13:08:56.674362+00:00,2026-09-10 13:08:56.674362+00:00,4,False,
OGN,SP500,2021-06-04,2023-10-18,,,,,seed:historical,seed:index_removal,fja05680/sp500,2026-09-10 13:08:56.674362+00:00,2026-09-10 13:08:56.674362+00:00,0,False,2026-09-11
OI,SP500,2010-01-01,2016-12-02,,,,,seed:historical,seed:index_removal,fja05680/sp500,2026-09-10 13:08:56.674362+00:00,2026-09-10 13:08:56.674362+00:00,0,False,2026-09-11
OKE,SP500,2010-03-15,,Oneok,Energy,Oil & Gas Storage & Transportation,0001039684,seed:historical,,fja05680/sp500,2026-09-10 13:08:56.674362+00:00,2026-09-12 14:48:09.608581+00:00,0,False,2026-09-11
OMC,SP500,2010-01-01,,Omnicom Group,Communication Services,Advertising,0000029989,seed:historical,,fja05680/sp500,2026-09-10 13:08:56.674362+00:00,2026-09-12 14:48:09.608581+00:00,0,False,2026-09-11
ON,SP500,2022-06-21,,ON Semiconductor,Information Technology,Semiconductors,0001097864,seed:historical,,fja05680/sp500,2026-09-10 13:08:56.674362+00:00,2026-09-12 14:48:09.608581+00:00,0,False,2026-09-11
ORCL,SP500,2010-01-01,,Oracle Corporation,Information Technology,Application Software,0001341439,seed:historical,,fja05680/sp500,2026-09-10 13:08:56.674362+00:00,2026-09-12 14:48:09.608581+00:00,0,False,2026-09-11
ORLY,SP500,2010-01-01,,O'Reilly Automotive,Consumer Discretionary,Automotive Retail,0000898173,seed:historical,,fja05680/sp500,2026-09-10 13:08:56.674362+00:00,2026-09-12 14:48:09.608581+00:00,0,False,2026-09-11
OTIS,SP500,2020-04-03,,Otis Worldwide,Industrials,Industrial Machinery & Supplies & Components,0001781335,seed:historical,,fja05680/sp500,2026-09-10 13:08:56.674362+00:00,2026-09-12 14:48:09.608581+00:00,0,False,2026-09-11
OXY,SP500,2010-01-01,,Occidental Petroleum,Energy,Oil & Gas Exploration & Production,0000797468,seed:historical,,fja05680/sp500,2026-09-10 13:08:56.674362+00:00,2026-09-12 14:48:09.608581+00:00,0,False,2026-09-11
PANW,SP500,2023-06-20,,Palo Alto Networks,Information Technology,Systems Software,0001327567,seed:historical,,fja05680/sp500,2026-09-10 13:08:56.674362+00:00,2026-09-12 14:48:09.608581+00:00,0,False,2026-09-11
PARA,SP500,2022-02-17,2025-08-08,,,,,seed:historical,seed:index_removal,fja05680/sp500,2026-09-10 13:08:56.674362+00:00,2026-09-10 13:08:56.674362+00:00,0,False,2026-09-11
PAYC,SP500,2020-01-28,2026-03-23,,,,,seed:historical,seed:index_removal,fja05680/sp500,2026-09-10 13:08:56.674362+00:00,2026-09-10 13:08:56.674362+00:00,0,False,2026-09-11
PAYX,SP500,2010-01-01,,Paychex,Industrials,Human Resource & Employment Services,0000723531,seed:historical,,fja05680/sp500,2026-09-10 13:08:56.674362+00:00,2026-09-12 14:48:09.608581+00:00,0,False,2026-09-11
PBCT,SP500,2010-01-01,2022-04-04,,,,,seed:historical,seed:index_removal,fja05680/sp500,2026-09-10 13:08:56.674362+00:00,2026-09-10 13:08:56.674362+00:00,4,False,
PBG,SP500,2010-01-01,2010-03-01,,,,,seed:historical,seed:index_removal,fja05680/sp500,2026-09-10 13:08:56.674362+00:00,2026-09-10 13:08:56.674362+00:00,4,False,
PBI,SP500,2010-01-01,2017-03-01,,,,,seed:historical,seed:index_removal,fja05680/sp500,2026-09-10 13:08:56.674362+00:00,2026-09-10 13:08:56.674362+00:00,0,False,2026-09-11
PCAR,SP500,2010-01-01,,Paccar,Industrials,Construction Machinery & Heavy Transportation Equipment,0000075362,seed:historical,,fja05680/sp500,2026-09-10 13:08:56.674362+00:00,2026-09-12 14:48:09.608581+00:00,0,False,2026-09-11
PCG,SP500,2010-01-01,2019-01-18,PG&E Corporation,Utilities,Multi-Utilities,0001004980,seed:historical,seed:index_removal,fja05680/sp500,2026-09-10 13:08:56.674362+00:00,2026-09-10 13:08:56.674362+00:00,0,False,
PCG,SP500,2022-10-03,,PG&E Corporation,Utilities,Multi-Utilities,0001004980,seed:historical,,fja05680/sp500,2026-09-10 13:08:56.674362+00:00,2026-09-12 14:48:09.608581+00:00,0,False,2026-09-11
PCL,SP500,2010-01-01,2016-02-22,,,,,seed:historical,seed:index_removal,fja05680/sp500,2026-09-10 13:08:56.674362+00:00,2026-09-10 13:08:56.674362+00:00,0,False,2026-09-11
PCP,SP500,2010-01-01,2016-02-01,,,,,seed:historical,seed:index_removal,fja05680/sp500,2026-09-10 13:08:56.674362+00:00,2026-09-10 13:08:56.674362+00:00,4,False,
PDCO,SP500,2010-01-01,2018-03-19,,,,,seed:historical,seed:index_removal,fja05680/sp500,2026-09-10 13:08:56.674362+00:00,2026-09-10 13:08:56.674362+00:00,4,False,
PEAK,SP500,2019-11-05,2024-03-04,,,,,seed:historical,seed:index_removal,fja05680/sp500,2026-09-10 13:08:56.674362+00:00,2026-09-10 13:08:56.674362+00:00,4,False,
PEG,SP500,2010-01-01,,Public Service Enterprise Group,Utilities,Electric Utilities,0000788784,seed:historical,,fja05680/sp500,2026-09-10 13:08:56.674362+00:00,2026-09-12 14:48:09.608581+00:00,0,False,2026-09-11
PENN,SP500,2021-03-22,2022-09-19,,,,,seed:historical,seed:index_removal,fja05680/sp500,2026-09-10 13:08:56.674362+00:00,2026-09-10 13:08:56.674362+00:00,0,False,2026-09-11
PEP,SP500,2010-01-01,,PepsiCo,Consumer Staples,Soft Drinks & Non-alcoholic Beverages,0000077476,seed:historical,,fja05680/sp500,2026-09-10 13:08:56.674362+00:00,2026-09-12 14:48:09.608581+00:00,0,False,2026-09-11
PETM,SP500,2012-10-05,2015-03-12,,,,,seed:historical,seed:index_removal,fja05680/sp500,2026-09-10 13:08:56.674362+00:00,2026-09-10 13:08:56.674362+00:00,4,False,
PFE,SP500,2010-01-01,,Pfizer,Health Care,Pharmaceuticals,0000078003,seed:historical,,fja05680/sp500,2026-09-10 13:08:56.674362+00:00,2026-09-12 14:48:09.608581+00:00,0,False,2026-09-11
PFG,SP500,2010-01-01,,Principal Financial Group,Financials,Life & Health Insurance,0001126328,seed:historical,,fja05680/sp500,2026-09-10 13:08:56.674362+00:00,2026-09-12 14:48:09.608581+00:00,0,False,2026-09-11
PG,SP500,2010-01-01,,Procter & Gamble,Consumer Staples,Personal Care Products,0000080424,seed:historical,,fja05680/sp500,2026-09-10 13:08:56.674362+00:00,2026-09-12 14:48:09.608581+00:00,0,False,2026-09-11
PGN,SP500,2010-01-01,2012-07-02,,,,,seed:historical,seed:index_removal,fja05680/sp500,2026-09-10 13:08:56.674362+00:00,2026-09-10 13:08:56.674362+00:00,4,False,
PGR,SP500,2010-01-01,,Progressive Corporation,Financials,Property & Casualty Insurance,0000080661,seed:historical,,fja05680/sp500,2026-09-10 13:08:56.674362+00:00,2026-09-12 14:48:09.608581+00:00,0,False,2026-09-11
PH,SP500,2010-01-01,,Parker Hannifin,Industrials,Industrial Machinery & Supplies & Components,0000076334,seed:historical,,fja05680/sp500,2026-09-10 13:08:56.674362+00:00,2026-09-12 14:48:09.608581+00:00,0,False,2026-09-11
PHM,SP500,2010-01-01,,PulteGroup,Consumer Discretionary,Homebuilding,0000822416,seed:historical,,fja05680/sp500,2026-09-10 13:08:56.674362+00:00,2026-09-12 14:48:09.608581+00:00,0,False,2026-09-11
PKG,SP500,2017-07-26,,Packaging Corporation of America,Materials,Paper & Plastic Packaging Products & Materials,0000075677,seed:historical,,fja05680/sp500,2026-09-10 13:08:56.674362+00:00,2026-09-12 14:48:09.608581+00:00,0,False,2026-09-11
PKI,SP500,2010-01-01,2023-05-16,,,,,seed:historical,seed:index_removal,fja05680/sp500,2026-09-10 13:08:56.674362+00:00,2026-09-10 13:08:56.674362+00:00,4,False,
PLD,SP500,2010-01-01,,Prologis,Real Estate,Industrial REITs,0001045609,seed:historical,,fja05680/sp500,2026-09-10 13:08:56.674362+00:00,2026-09-12 14:48:09.608581+00:00,0,False,2026-09-11
PLL,SP500,2010-01-01,2015-08-31,,,,,seed:historical,seed:index_removal,fja05680/sp500,2026-09-10 13:08:56.674362+00:00,2026-09-10 13:08:56.674362+00:00,4,False,
PLTR,SP500,2024-09-23,,Palantir Technologies,Information Technology,Application Software,0001321655,seed:historical,,fja05680/sp500,2026-09-10 13:08:56.674362+00:00,2026-09-12 14:48:09.608581+00:00,0,False,2026-09-11
PM,SP500,2010-01-01,,Philip Morris International,Consumer Staples,Tobacco,0001413329,seed:historical,,fja05680/sp500,2026-09-10 13:08:56.674362+00:00,2026-09-12 14:48:09.608581+00:00,0,False,2026-09-11
PNC,SP500,2010-01-01,,PNC Financial Services,Financials,Diversified Banks,0000713676,seed:historical,,fja05680/sp500,2026-09-10 13:08:56.674362+00:00,2026-09-12 14:48:09.608581+00:00,0,False,2026-09-11
PNR,SP500,2012-10-01,,Pentair,Industrials,Industrial Machinery & Supplies & Components,0000077360,seed:historical,,fja05680/sp500,2026-09-10 13:08:56.674362+00:00,2026-09-12 14:48:09.608581+00:00,0,False,2026-09-11
PNW,SP500,2010-01-01,,Pinnacle West Capital,Utilities,Multi-Utilities,0000764622,seed:historical,,fja05680/sp500,2026-09-10 13:08:56.674362+00:00,2026-09-12 14:48:09.608581+00:00,0,False,2026-09-11
PODD,SP500,2023-03-15,,Insulet Corporation,Health Care,Health Care Equipment,0001145197,seed:historical,,fja05680/sp500,2026-09-10 13:08:56.674362+00:00,2026-09-12 14:48:09.608581+00:00,0,False,2026-09-11
POM,SP500,2010-01-01,2016-03-24,,,,,seed:historical,seed:index_removal,fja05680/sp500,2026-09-10 13:08:56.674362+00:00,2026-09-10 13:08:56.674362+00:00,0,False,2026-09-11
POOL,SP500,2020-10-07,2026-06-22,,,,,seed:historical,seed:index_removal,fja05680/sp500,2026-09-10 13:08:56.674362+00:00,2026-09-10 13:08:56.674362+00:00,0,False,2026-09-11
PPG,SP500,2010-01-01,,PPG Industries,Materials,Specialty Chemicals,0000079879,seed:historical,,fja05680/sp500,2026-09-10 13:08:56.674362+00:00,2026-09-12 14:48:09.608581+00:00,0,False,2026-09-11
PPL,SP500,2010-01-01,,PPL Corporation,Utilities,Electric Utilities,0000922224,seed:historical,,fja05680/sp500,2026-09-10 13:08:56.674362+00:00,2026-09-12 14:48:09.608581+00:00,0,False,2026-09-11
PRGO,SP500,2011-12-19,2021-09-20,,,,,seed:historical,seed:index_removal,fja05680/sp500,2026-09-10 13:08:56.674362+00:00,2026-09-10 13:08:56.674362+00:00,0,False,2026-09-11
PRU,SP500,2010-01-01,,Prudential Financial,Financials,Life & Health Insurance,0001137774,seed:historical,,fja05680/sp500,2026-09-10 13:08:56.674362+00:00,2026-09-12 14:48:09.608581+00:00,0,False,2026-09-11
PSA,SP500,2010-01-01,,Public Storage,Real Estate,Self-Storage REITs,0001393311,seed:historical,,fja05680/sp500,2026-09-10 13:08:56.674362+00:00,2026-09-12 14:48:09.608581+00:00,0,False,2026-09-11
PSKY,SP500,2025-08-08,,Paramount Skydance Corporation,Communication Services,Movies & Entertainment,0002041610,seed:historical,,fja05680/sp500,2026-09-10 13:08:56.674362+00:00,2026-09-12 14:48:09.608581+00:00,0,False,2026-09-11
PSX,SP500,2012-05-01,,Phillips 66,Energy,Oil & Gas Refining & Marketing,0001534701,seed:historical,,fja05680/sp500,2026-09-10 13:08:56.674362+00:00,2026-09-12 14:48:09.608581+00:00,0,False,2026-09-11
PTC,SP500,2021-04-20,,PTC Inc.,Information Technology,Application Software,0000857005,seed:historical,,fja05680/sp500,2026-09-10 13:08:56.674362+00:00,2026-09-12 14:48:09.608581+00:00,0,False,2026-09-11
PTV,SP500,2010-01-01,2010-11-17,,,,,seed:historical,seed:index_removal,fja05680/sp500,2026-09-10 13:08:56.674362+00:00,2026-09-10 13:08:56.674362+00:00,4,False,
PVH,SP500,2013-02-14,2022-09-19,,,,,seed:historical,seed:index_removal,fja05680/sp500,2026-09-10 13:08:56.674362+00:00,2026-09-10 13:08:56.674362+00:00,0,False,2026-09-11
PWR,SP500,2010-01-01,,Quanta Services,Industrials,Construction & Engineering,0001050915,seed:historical,,fja05680/sp500,2026-09-10 13:08:56.674362+00:00,2026-09-12 14:48:09.608581+00:00,0,False,2026-09-11
PX,SP500,2010-01-01,2018-10-31,,,,,seed:historical,seed:index_removal,fja05680/sp500,2026-09-10 13:08:56.674362+00:00,2026-09-10 13:08:56.674362+00:00,4,False,
PXD,SP500,2010-01-01,2024-05-08,,,,,seed:historical,seed:index_removal,fja05680/sp500,2026-09-10 13:08:56.674362+00:00,2026-09-10 13:08:56.674362+00:00,4,False,
PYPL,SP500,2015-07-20,,PayPal,Financials,Transaction & Payment Processing Services,0001633917,seed:historical,,fja05680/sp500,2026-09-10 13:08:56.674362+00:00,2026-09-12 14:48:09.608581+00:00,0,False,2026-09-11
Q,SP500,2010-01-01,2011-04-01,Qnity Electronics,Information Technology,Semiconductor Materials & Equipment,0002058873,seed:historical,seed:index_removal,fja05680/sp500,2026-09-10 13:08:56.674362+00:00,2026-09-10 13:08:56.674362+00:00,0,False,
Q,SP500,2025-11-03,,Qnity Electronics,Information Technology,Semiconductor Materials & Equipment,0002058873,seed:historical,,fja05680/sp500,2026-09-10 13:08:56.674362+00:00,2026-09-12 14:48:09.608581+00:00,0,False,2026-09-11
QCOM,SP500,2010-01-01,,Qualcomm,Information Technology,Semiconductors,0000804328,seed:historical,,fja05680/sp500,2026-09-10 13:08:56.674362+00:00,2026-09-12 14:48:09.608581+00:00,0,False,2026-09-11
QEP,SP500,2010-07-01,2015-07-01,,,,,seed:historical,seed:index_removal,fja05680/sp500,2026-09-10 13:08:56.674362+00:00,2026-09-10 13:08:56.674362+00:00,4,False,
QLGC,SP500,2010-01-01,2011-01-18,,,,,seed:historical,seed:index_removal,fja05680/sp500,2026-09-10 13:08:56.674362+00:00,2026-09-10 13:08:56.674362+00:00,4,False,
QQQ,ETF,2010-01-01,,Invesco Nasdaq 100,,,,config:static_universe,,config,2026-09-10 23:35:33.049470+00:00,2026-09-10 23:35:33.049470+00:00,0,False,2026-09-11
QRVO,SP500,2015-06-12,2024-12-23,,,,,seed:historical,seed:index_removal,fja05680/sp500,2026-09-10 13:08:56.674362+00:00,2026-09-10 13:08:56.674362+00:00,0,False,2026-09-11
QUAL,ETF,2010-01-01,,iShares MSCI USA Quality,,,,config:static_universe,,config,2026-09-10 23:35:33.049470+00:00,2026-09-10 23:35:33.049470+00:00,0,False,2026-09-11
R,SP500,2010-01-01,2017-06-19,,,,,seed:historical,seed:index_removal,fja05680/sp500,2026-09-10 13:08:56.674362+00:00,2026-09-10 13:08:56.674362+00:00,0,False,2026-09-11
RAI,SP500,2010-01-01,2017-07-25,,,,,seed:historical,seed:index_removal,fja05680/sp500,2026-09-10 13:08:56.674362+00:00,2026-09-10 13:08:56.674362+00:00,4,False,
RCL,SP500,2014-12-05,,Royal Caribbean Group,Consumer Discretionary,"Hotels, Resorts & Cruise Lines",0000884887,seed:historical,,fja05680/sp500,2026-09-10 13:08:56.674362+00:00,2026-09-12 14:48:09.608581+00:00,0,False,2026-09-11
RDC,SP500,2010-01-01,2014-08-19,,,,,seed:historical,seed:index_removal,fja05680/sp500,2026-09-10 13:08:56.674362+00:00,2026-09-10 13:08:56.674362+00:00,4,False,
RDDT,SP500,2026-08-18,,Reddit,Communication Services,Interactive Media & Services,0001713445,seed:historical,,fja05680/sp500,2026-09-10 13:08:56.674362+00:00,2026-09-12 14:48:09.608581+00:00,0,False,2026-09-11
RE,SP500,2017-06-19,2023-07-10,,,,,seed:historical,seed:index_removal,fja05680/sp500,2026-09-10 13:08:56.674362+00:00,2026-09-10 13:08:56.674362+00:00,4,False,
REG,SP500,2017-03-02,,Regency Centers,Real Estate,Retail REITs,0000910606,seed:historical,,fja05680/sp500,2026-09-10 13:08:56.674362+00:00,2026-09-12 14:48:09.608581+00:00,0,False,2026-09-11
REGN,SP500,2013-05-01,,Regeneron Pharmaceuticals,Health Care,Biotechnology,0000872589,seed:historical,,fja05680/sp500,2026-09-10 13:08:56.674362+00:00,2026-09-12 14:48:09.608581+00:00,0,False,2026-09-11
RF,SP500,2010-01-01,,Regions Financial Corporation,Financials,Regional Banks,0001281761,seed:historical,,fja05680/sp500,2026-09-10 13:08:56.674362+00:00,2026-09-12 14:48:09.608581+00:00,0,False,2026-09-11
RHI,SP500,2010-01-01,2024-06-24,,,,,seed:historical,seed:index_removal,fja05680/sp500,2026-09-10 13:08:56.674362+00:00,2026-09-10 13:08:56.674362+00:00,0,False,2026-09-11
RHT,SP500,2010-01-01,2019-07-15,,,,,seed:historical,seed:index_removal,fja05680/sp500,2026-09-10 13:08:56.674362+00:00,2026-09-10 13:08:56.674362+00:00,4,False,
RIG,SP500,2013-10-29,2017-07-26,,,,,seed:historical,seed:index_removal,fja05680/sp500,2026-09-10 13:08:56.674362+00:00,2026-09-10 13:08:56.674362+00:00,0,False,2026-09-11
RJF,SP500,2017-03-20,,Raymond James Financial,Financials,Investment Banking & Brokerage,0000720005,seed:historical,,fja05680/sp500,2026-09-10 13:08:56.674362+00:00,2026-09-12 14:48:09.608581+00:00,0,False,2026-09-11
RL,SP500,2010-01-01,,Ralph Lauren Corporation,Consumer Discretionary,"Apparel, Accessories & Luxury Goods",0001037038,seed:historical,,fja05680/sp500,2026-09-10 13:08:56.674362+00:00,2026-09-12 14:48:09.608581+00:00,0,False,2026-09-11
RMD,SP500,2017-07-26,,ResMed|,Health Care,Health Care Equipment,0000943819,seed:historical,,fja05680/sp500,2026-09-10 13:08:56.674362+00:00,2026-09-12 14:48:09.608581+00:00,0,False,2026-09-11
ROK,SP500,2010-01-01,,Rockwell Automation,Industrials,Electrical Components & Equipment,0001024478,seed:historical,,fja05680/sp500,2026-09-10 13:08:56.674362+00:00,2026-09-12 14:48:09.608581+00:00,0,False,2026-09-11
ROL,SP500,2018-10-01,,"Rollins, Inc.",Industrials,Environmental & Facilities Services,0000084839,seed:historical,,fja05680/sp500,2026-09-10 13:08:56.674362+00:00,2026-09-12 14:48:09.608581+00:00,0,False,2026-09-11
ROP,SP500,2010-01-01,,Roper Technologies,Information Technology,Electronic Equipment & Instruments,0000882835,seed:historical,,fja05680/sp500,2026-09-10 13:08:56.674362+00:00,2026-09-12 14:48:09.608581+00:00,0,False,2026-09-11
ROST,SP500,2010-01-01,,Ross Stores,Consumer Discretionary,Apparel Retail,0000745732,seed:historical,,fja05680/sp500,2026-09-10 13:08:56.674362+00:00,2026-09-12 14:48:09.608581+00:00,0,False,2026-09-11
RRC,SP500,2010-01-01,2018-06-18,,,,,seed:historical,seed:index_removal,fja05680/sp500,2026-09-10 13:08:56.674362+00:00,2026-09-10 13:08:56.674362+00:00,0,False,2026-09-11
RRD,SP500,2010-01-01,2012-12-12,,,,,seed:historical,seed:index_removal,fja05680/sp500,2026-09-10 13:08:56.674362+00:00,2026-09-10 13:08:56.674362+00:00,4,False,
RSG,SP500,2010-01-01,,Republic Services,Industrials,Environmental & Facilities Services,0001060391,seed:historical,,fja05680/sp500,2026-09-10 13:08:56.674362+00:00,2026-09-12 14:48:09.608581+00:00,0,False,2026-09-11
RSHCQ,SP500,2010-01-01,2011-07-01,,,,,seed:historical,seed:index_removal,fja05680/sp500,2026-09-10 13:08:56.674362+00:00,2026-09-10 13:08:56.674362+00:00,4,False,
RSP,ETF,2010-01-01,,Invesco S&P 500 Equal Weight,,,,config:static_universe,,config,2026-09-10 23:35:33.049470+00:00,2026-09-10 23:35:33.049470+00:00,0,False,2026-09-11
RTN,SP500,2010-01-01,2020-04-06,,,,,seed:historical,seed:index_removal,fja05680/sp500,2026-09-10 13:08:56.674362+00:00,2026-09-10 13:08:56.674362+00:00,4,False,
RTX,SP500,2020-04-03,,RTX Corporation,Industrials,Aerospace & Defense,0000101829,seed:historical,,fja05680/sp500,2026-09-10 13:08:56.674362+00:00,2026-09-12 14:48:09.608581+00:00,0,False,2026-09-11
RVTY,SP500,2023-05-16,,Revvity,Health Care,Health Care Equipment,0000031791,seed:historical,,fja05680/sp500,2026-09-10 13:08:56.674362+00:00,2026-09-12 14:48:09.608581+00:00,0,False,2026-09-11
RX,SP500,2010-01-01,2010-02-26,,,,,seed:historical,seed:index_removal,fja05680/sp500,2026-09-10 13:08:56.674362+00:00,2026-09-10 13:08:56.674362+00:00,4,False,
S,SP500,2010-01-01,2013-07-09,,,,,seed:historical,seed:index_removal,fja05680/sp500,2026-09-10 13:08:56.674362+00:00,2026-09-10 13:08:56.674362+00:00,0,False,2026-09-11
SATS,SP500,2026-03-23,2026-06-24,,,,,seed:historical,seed:index_removal,fja05680/sp500,2026-09-10 13:08:56.674362+00:00,2026-09-10 13:08:56.674362+00:00,4,False,
SBAC,SP500,2017-09-01,,SBA Communications,Real Estate,Telecom Tower REITs,0001034054,seed:historical,,fja05680/sp500,2026-09-10 13:08:56.674362+00:00,2026-09-12 14:48:09.608581+00:00,0,False,2026-09-11
SBNY,SP500,2021-12-20,2023-03-15,,,,,seed:historical,seed:index_removal,fja05680/sp500,2026-09-10 13:08:56.674362+00:00,2026-09-10 13:08:56.674362+00:00,0,False,2026-09-11
SBUX,SP500,2010-01-01,,Starbucks,Consumer Discretionary,Restaurants,0000829224,seed:historical,,fja05680/sp500,2026-09-10 13:08:56.674362+00:00,2026-09-12 14:48:09.608581+00:00,0,False,2026-09-11
SCG,SP500,2010-01-01,2019-01-02,,,,,seed:historical,seed:index_removal,fja05680/sp500,2026-09-10 13:08:56.674362+00:00,2026-09-10 13:08:56.674362+00:00,4,False,
SCHD,ETF,2010-01-01,,Schwab US Dividend Equity,,,,config:static_universe,,config,2026-09-10 23:35:33.049470+00:00,2026-09-10 23:35:33.049470+00:00,0,False,2026-09-11
SCHW,SP500,2010-01-01,,Charles Schwab Corporation,Financials,Investment Banking & Brokerage,0000316709,seed:historical,,fja05680/sp500,2026-09-10 13:08:56.674362+00:00,2026-09-12 14:48:09.608581+00:00,0,False,2026-09-11
SE,SP500,2010-01-01,2017-02-27,,,,,seed:historical,seed:index_removal,fja05680/sp500,2026-09-10 13:08:56.674362+00:00,2026-09-10 13:08:56.674362+00:00,0,False,2026-09-11
SEDG,SP500,2021-12-20,2023-12-18,,,,,seed:historical,seed:index_removal,fja05680/sp500,2026-09-10 13:08:56.674362+00:00,2026-09-10 13:08:56.674362+00:00,0,False,2026-09-11
SEE,SP500,2010-01-01,2023-12-18,,,,,seed:historical,seed:index_removal,fja05680/sp500,2026-09-10 13:08:56.674362+00:00,2026-09-10 13:08:56.674362+00:00,4,False,
SHLD,SP500,2010-01-01,2012-09-05,,,,,seed:historical,seed:index_removal,fja05680/sp500,2026-09-10 13:08:56.674362+00:00,2026-09-10 13:08:56.674362+00:00,0,False,2026-09-11
SHW,SP500,2010-01-01,,Sherwin-Williams,Materials,Specialty Chemicals,0000089800,seed:historical,,fja05680/sp500,2026-09-10 13:08:56.674362+00:00,2026-09-12 14:48:09.608581+00:00,0,False,2026-09-11
SHY,ETF,2010-01-01,,iShares 1-3 Year Treasury,,,,config:static_universe,,config,2026-09-10 23:35:33.049470+00:00,2026-09-10 23:35:33.049470+00:00,0,False,2026-09-11
SIAL,SP500,2010-01-01,2015-11-18,,,,,seed:historical,seed:index_removal,fja05680/sp500,2026-09-10 13:08:56.674362+00:00,2026-09-10 13:08:56.674362+00:00,4,False,
SIG,SP500,2015-07-29,2018-03-19,,,,,seed:historical,seed:index_removal,fja05680/sp500,2026-09-10 13:08:56.674362+00:00,2026-09-10 13:08:56.674362+00:00,0,False,2026-09-11
SII,SP500,2010-01-01,2010-08-27,,,,,seed:historical,seed:index_removal,fja05680/sp500,2026-09-10 13:08:56.674362+00:00,2026-09-10 13:08:56.674362+00:00,0,False,2026-09-11
SIVB,SP500,2018-03-19,2023-03-15,,,,,seed:historical,seed:index_removal,fja05680/sp500,2026-09-10 13:08:56.674362+00:00,2026-09-10 13:08:56.674362+00:00,4,False,
SJM,SP500,2010-01-01,,J.M. Smucker Company (The),Consumer Staples,Packaged Foods & Meats,0000091419,seed:historical,,fja05680/sp500,2026-09-10 13:08:56.674362+00:00,2026-09-12 14:48:09.608581+00:00,0,False,2026-09-11
SLB,SP500,2010-01-01,,Schlumberger,Energy,Oil & Gas Equipment & Services,0000087347,seed:historical,,fja05680/sp500,2026-09-10 13:08:56.674362+00:00,2026-09-12 14:48:09.608581+00:00,0,False,2026-09-11
SLG,SP500,2015-03-23,2021-03-22,,,,,seed:historical,seed:index_removal,fja05680/sp500,2026-09-10 13:08:56.674362+00:00,2026-09-10 13:08:56.674362+00:00,0,False,2026-09-11
SLM,SP500,2010-01-01,2014-05-01,,,,,seed:historical,seed:index_removal,fja05680/sp500,2026-09-10 13:08:56.674362+00:00,2026-09-10 13:08:56.674362+00:00,0,False,2026-09-11
SLV,ETF,2010-01-01,,iShares Silver Trust,,,,config:static_universe,,config,2026-09-10 23:35:33.049470+00:00,2026-09-10 23:35:33.049470+00:00,0,False,2026-09-11
SMCI,SP500,2024-03-18,,Supermicro,Information Technology,"Technology Hardware, Storage & Peripherals",0001375365,seed:historical,,fja05680/sp500,2026-09-10 13:08:56.674362+00:00,2026-09-12 14:48:09.608581+00:00,0,False,2026-09-11
SMH,ETF,2010-01-01,,VanEck Semiconductors,,,,config:static_universe,,config,2026-09-10 23:35:33.049470+00:00,2026-09-10 23:35:33.049470+00:00,0,False,2026-09-11
SNA,SP500,2010-01-01,,Snap-on,Industrials,Industrial Machinery & Supplies & Components,0000091440,seed:historical,,fja05680/sp500,2026-09-10 13:08:56.674362+00:00,2026-09-12 14:48:09.608581+00:00,0,False,2026-09-11
SNDK,SP500,2010-01-01,2016-05-12,Sandisk,Information Technology,"Technology Hardware, Storage & Peripherals",0002023554,seed:historical,seed:index_removal,fja05680/sp500,2026-09-10 13:08:56.674362+00:00,2026-09-10 13:08:56.674362+00:00,0,False,
SNDK,SP500,2025-11-28,,Sandisk,Information Technology,"Technology Hardware, Storage & Peripherals",0002023554,seed:historical,,fja05680/sp500,2026-09-10 13:08:56.674362+00:00,2026-09-12 14:48:09.608581+00:00,0,False,2026-09-11
SNI,SP500,2010-01-01,2018-03-07,,,,,seed:historical,seed:index_removal,fja05680/sp500,2026-09-10 13:08:56.674362+00:00,2026-09-10 13:08:56.674362+00:00,4,False,
SNPS,SP500,2017-03-16,,Synopsys,Information Technology,Application Software,0000883241,seed:historical,,fja05680/sp500,2026-09-10 13:08:56.674362+00:00,2026-09-12 14:48:09.608581+00:00,0,False,2026-09-11
SO,SP500,2010-01-01,,Southern Company,Utilities,Electric Utilities,0000092122,seed:historical,,fja05680/sp500,2026-09-10 13:08:56.674362+00:00,2026-09-12 14:48:09.608581+00:00,0,False,2026-09-11
SOLS,SP500,2025-10-30,2025-12-22,,,,,seed:historical,seed:index_removal,fja05680/sp500,2026-09-10 13:08:56.674362+00:00,2026-09-10 13:08:56.674362+00:00,0,False,2026-09-11
SOLV,SP500,2024-04-01,,Solventum,Health Care,Health Care Technology,0001964738,seed:historical,,fja05680/sp500,2026-09-10 13:08:56.674362+00:00,2026-09-12 14:48:09.608581+00:00,0,False,2026-09-11
SPG,SP500,2010-01-01,,Simon Property Group,Real Estate,Retail REITs,0001063761,seed:historical,,fja05680/sp500,2026-09-10 13:08:56.674362+00:00,2026-09-12 14:48:09.608581+00:00,0,False,2026-09-11
SPGI,SP500,2010-01-01,,S&P Global,Financials,Financial Exchanges & Data,0000064040,seed:historical,,fja05680/sp500,2026-09-10 13:08:56.674362+00:00,2026-09-12 14:48:09.608581+00:00,0,False,2026-09-11
SPLS,SP500,2010-01-01,2017-09-13,,,,,seed:historical,seed:index_removal,fja05680/sp500,2026-09-10 13:08:56.674362+00:00,2026-09-10 13:08:56.674362+00:00,0,False,2026-09-11
SPY,ETF,2010-01-01,,SPDR S&P 500,,,,config:static_universe,,config,2026-09-10 23:35:33.049470+00:00,2026-09-10 23:35:33.049470+00:00,0,False,2026-09-11
SRCL,SP500,2010-01-01,2018-12-03,,,,,seed:historical,seed:index_removal,fja05680/sp500,2026-09-10 13:08:56.674362+00:00,2026-09-10 13:08:56.674362+00:00,4,False,
SRE,SP500,2010-01-01,,Sempra,Utilities,Multi-Utilities,0001032208,seed:historical,,fja05680/sp500,2026-09-10 13:08:56.674362+00:00,2026-09-12 14:48:09.608581+00:00,0,False,2026-09-11
STE,SP500,2019-12-23,,Steris,Health Care,Health Care Equipment,0001757898,seed:historical,,fja05680/sp500,2026-09-10 13:08:56.674362+00:00,2026-09-12 14:48:09.608581+00:00,0,False,2026-09-11
STI,SP500,2010-01-01,2019-12-09,,,,,seed:historical,seed:index_removal,fja05680/sp500,2026-09-10 13:08:56.674362+00:00,2026-09-10 13:08:56.674362+00:00,0,False,2026-09-11
STJ,SP500,2010-01-01,2017-01-05,,,,,seed:historical,seed:index_removal,fja05680/sp500,2026-09-10 13:08:56.674362+00:00,2026-09-10 13:08:56.674362+00:00,4,False,
STLD,SP500,2022-12-22,,Steel Dynamics,Materials,Steel,0001022671,seed:historical,,fja05680/sp500,2026-09-10 13:08:56.674362+00:00,2026-09-12 14:48:09.608581+00:00,0,False,2026-09-11
STR,SP500,2010-01-01,2010-07-01,,,,,seed:historical,seed:index_removal,fja05680/sp500,2026-09-10 13:08:56.674362+00:00,2026-09-10 13:08:56.674362+00:00,4,False,
STT,SP500,2010-01-01,,State Street Corporation,Financials,Asset Management & Custody Banks,0000093751,seed:historical,,fja05680/sp500,2026-09-10 13:08:56.674362+00:00,2026-09-12 14:48:09.608581+00:00,0,False,2026-09-11
STX,SP500,2012-07-02,,Seagate Technology,Information Technology,"Technology Hardware, Storage & Peripherals",0001137789,seed:historical,,fja05680/sp500,2026-09-10 13:08:56.674362+00:00,2026-09-12 14:48:09.608581+00:00,0,False,2026-09-11
STZ,SP500,2010-01-01,,Constellation Brands,Consumer Staples,Distillers & Vintners,0000016918,seed:historical,,fja05680/sp500,2026-09-10 13:08:56.674362+00:00,2026-09-12 14:48:09.608581+00:00,0,False,2026-09-11
SUN,SP500,2010-01-01,2012-10-05,,,,,seed:historical,seed:index_removal,fja05680/sp500,2026-09-10 13:08:56.674362+00:00,2026-09-10 13:08:56.674362+00:00,0,False,2026-09-11
SUNEQ,SP500,2010-01-01,2011-12-19,,,,,seed:historical,seed:index_removal,fja05680/sp500,2026-09-10 13:08:56.674362+00:00,2026-09-10 13:08:56.674362+00:00,4,False,
SVU,SP500,2010-01-01,2012-05-01,,,,,seed:historical,seed:index_removal,fja05680/sp500,2026-09-10 13:08:56.674362+00:00,2026-09-10 13:08:56.674362+00:00,4,False,
SW,SP500,2024-07-08,,Smurfit Westrock,Materials,Paper & Plastic Packaging Products & Materials,0002005951,seed:historical,,fja05680/sp500,2026-09-10 13:08:56.674362+00:00,2026-09-12 14:48:09.608581+00:00,0,False,2026-09-11
SWK,SP500,2010-01-01,,Stanley Black & Decker,Industrials,Industrial Machinery & Supplies & Components,0000093556,seed:historical,,fja05680/sp500,2026-09-10 13:08:56.674362+00:00,2026-09-12 14:48:09.608581+00:00,0,False,2026-09-11
SWKS,SP500,2015-03-12,,Skyworks Solutions,Information Technology,Semiconductors,0000004127,seed:historical,,fja05680/sp500,2026-09-10 13:08:56.674362+00:00,2026-09-12 14:48:09.608581+00:00,0,False,2026-09-11
SWN,SP500,2010-01-01,2017-04-04,,,,,seed:historical,seed:index_removal,fja05680/sp500,2026-09-10 13:08:56.674362+00:00,2026-09-10 13:08:56.674362+00:00,4,False,
SWY,SP500,2010-01-01,2015-01-27,,,,,seed:historical,seed:index_removal,fja05680/sp500,2026-09-10 13:08:56.674362+00:00,2026-09-10 13:08:56.674362+00:00,4,False,
SYF,SP500,2015-11-18,,Synchrony Financial,Financials,Consumer Finance,0001601712,seed:historical,,fja05680/sp500,2026-09-10 13:08:56.674362+00:00,2026-09-12 14:48:09.608581+00:00,0,False,2026-09-11
SYK,SP500,2010-01-01,,Stryker Corporation,Health Care,Health Care Equipment,0000310764,seed:historical,,fja05680/sp500,2026-09-10 13:08:56.674362+00:00,2026-09-12 14:48:09.608581+00:00,0,False,2026-09-11
SYMC,SP500,2010-01-01,2019-11-05,,,,,seed:historical,seed:index_removal,fja05680/sp500,2026-09-10 13:08:56.674362+00:00,2026-09-10 13:08:56.674362+00:00,4,False,
SYY,SP500,2010-01-01,,Sysco,Consumer Staples,Food Distributors,0000096021,seed:historical,,fja05680/sp500,2026-09-10 13:08:56.674362+00:00,2026-09-12 14:48:09.608581+00:00,0,False,2026-09-11
T,SP500,2010-01-01,,AT&T,Communication Services,Integrated Telecommunication Services,0000732717,seed:historical,,fja05680/sp500,2026-09-10 13:08:56.674362+00:00,2026-09-12 14:48:09.608581+00:00,0,False,2026-09-11
TAP,SP500,2010-01-01,,Molson Coors Beverage Company,Consumer Staples,Brewers,0000024545,seed:historical,,fja05680/sp500,2026-09-10 13:08:56.674362+00:00,2026-09-12 14:48:09.608581+00:00,0,False,2026-09-11
TDC,SP500,2010-01-01,2017-06-19,,,,,seed:historical,seed:index_removal,fja05680/sp500,2026-09-10 13:08:56.674362+00:00,2026-09-10 13:08:56.674362+00:00,0,False,2026-09-11
TDG,SP500,2016-06-03,,TransDigm Group,Industrials,Aerospace & Defense,0001260221,seed:historical,,fja05680/sp500,2026-09-10 13:08:56.674362+00:00,2026-09-12 14:48:09.608581+00:00,0,False,2026-09-11
TDY,SP500,2020-06-22,,Teledyne Technologies,Information Technology,Electronic Equipment & Instruments,0001094285,seed:historical,,fja05680/sp500,2026-09-10 13:08:56.674362+00:00,2026-09-12 14:48:09.608581+00:00,0,False,2026-09-11
TE,SP500,2010-01-01,2016-07-01,,,,,seed:historical,seed:index_removal,fja05680/sp500,2026-09-10 13:08:56.674362+00:00,2026-09-10 13:08:56.674362+00:00,0,False,2026-09-11
TECH,SP500,2021-08-30,,Bio-Techne,Health Care,Life Sciences Tools & Services,0000842023,seed:historical,,fja05680/sp500,2026-09-10 13:08:56.674362+00:00,2026-09-12 14:48:09.608581+00:00,0,False,2026-09-11
TEG,SP500,2010-01-01,2015-06-30,,,,,seed:historical,seed:index_removal,fja05680/sp500,2026-09-10 13:08:56.674362+00:00,2026-09-10 13:08:56.674362+00:00,4,False,
TEL,SP500,2011-10-17,,TE Connectivity,Information Technology,Electronic Manufacturing Services,0001385157,seed:historical,,fja05680/sp500,2026-09-10 13:08:56.674362+00:00,2026-09-12 14:48:09.608581+00:00,0,False,2026-09-11
TER,SP500,2010-01-01,2013-12-23,Teradyne,Information Technology,Semiconductor Materials & Equipment,0000097210,seed:historical,seed:index_removal,fja05680/sp500,2026-09-10 13:08:56.674362+00:00,2026-09-10 13:08:56.674362+00:00,0,False,
TER,SP500,2020-09-21,,Teradyne,Information Technology,Semiconductor Materials & Equipment,0000097210,seed:historical,,fja05680/sp500,2026-09-10 13:08:56.674362+00:00,2026-09-12 14:48:09.608581+00:00,0,False,2026-09-11
TFC,SP500,2019-12-09,,Truist Financial,Financials,Diversified Banks,0000092230,seed:historical,,fja05680/sp500,2026-09-10 13:08:56.674362+00:00,2026-09-12 14:48:09.608581+00:00,0,False,2026-09-11
TFX,SP500,2019-01-18,2025-03-24,,,,,seed:historical,seed:index_removal,fja05680/sp500,2026-09-10 13:08:56.674362+00:00,2026-09-10 13:08:56.674362+00:00,0,False,2026-09-11
TGNA,SP500,2010-01-01,2017-06-02,,,,,seed:historical,seed:index_removal,fja05680/sp500,2026-09-10 13:08:56.674362+00:00,2026-09-10 13:08:56.674362+00:00,4,False,
TGT,SP500,2010-01-01,,Target Corporation,Consumer Staples,Consumer Staples Merchandise Retail,0000027419,seed:historical,,fja05680/sp500,2026-09-10 13:08:56.674362+00:00,2026-09-12 14:48:09.608581+00:00,0,False,2026-09-11
THC,SP500,2010-01-01,2016-04-18,,,,,seed:historical,seed:index_removal,fja05680/sp500,2026-09-10 13:08:56.674362+00:00,2026-09-10 13:08:56.674362+00:00,0,False,2026-09-11
TIE,SP500,2010-01-01,2012-12-24,,,,,seed:historical,seed:index_removal,fja05680/sp500,2026-09-10 13:08:56.674362+00:00,2026-09-10 13:08:56.674362+00:00,4,False,
TIF,SP500,2010-01-01,2021-01-07,,,,,seed:historical,seed:index_removal,fja05680/sp500,2026-09-10 13:08:56.674362+00:00,2026-09-10 13:08:56.674362+00:00,4,False,
TIP,ETF,2010-01-01,,iShares TIPS Bond,,,,config:static_universe,,config,2026-09-10 23:35:33.049470+00:00,2026-09-10 23:35:33.049470+00:00,0,False,2026-09-11
TJX,SP500,2010-01-01,,TJX Companies,Consumer Discretionary,Apparel Retail,0000109198,seed:historical,,fja05680/sp500,2026-09-10 13:08:56.674362+00:00,2026-09-12 14:48:09.608581+00:00,0,False,2026-09-11
TKO,SP500,2025-03-24,,TKO Group Holdings,Communication Services,Movies & Entertainment,0001973266,seed:historical,,fja05680/sp500,2026-09-10 13:08:56.674362+00:00,2026-09-12 14:48:09.608581+00:00,0,False,2026-09-11
TLAB,SP500,2010-01-01,2011-12-21,,,,,seed:historical,seed:index_removal,fja05680/sp500,2026-09-10 13:08:56.674362+00:00,2026-09-10 13:08:56.674362+00:00,4,False,
TLT,ETF,2010-01-01,,iShares 20+ Year Treasury,,,,config:static_universe,,config,2026-09-10 23:35:33.049470+00:00,2026-09-10 23:35:33.049470+00:00,0,False,2026-09-11
TMK,SP500,2010-01-01,2019-08-08,,,,,seed:historical,seed:index_removal,fja05680/sp500,2026-09-10 13:08:56.674362+00:00,2026-09-10 13:08:56.674362+00:00,4,False,
TMO,SP500,2010-01-01,,Thermo Fisher Scientific,Health Care,Life Sciences Tools & Services,0000097745,seed:historical,,fja05680/sp500,2026-09-10 13:08:56.674362+00:00,2026-09-12 14:48:09.608581+00:00,0,False,2026-09-11
TMUS,SP500,2010-01-01,2013-05-01,T-Mobile US,Communication Services,Wireless Telecommunication Services,0001283699,seed:historical,seed:index_removal,fja05680/sp500,2026-09-10 13:08:56.674362+00:00,2026-09-10 13:08:56.674362+00:00,0,False,
TMUS,SP500,2019-07-15,,T-Mobile US,Communication Services,Wireless Telecommunication Services,0001283699,seed:historical,,fja05680/sp500,2026-09-10 13:08:56.674362+00:00,2026-09-12 14:48:09.608581+00:00,0,False,2026-09-11
TPL,SP500,2024-11-26,,Texas Pacific Land Corporation,Energy,Oil & Gas Exploration & Production,0001811074,seed:historical,,fja05680/sp500,2026-09-10 13:08:56.674362+00:00,2026-09-12 14:48:09.608581+00:00,0,False,2026-09-11
TPR,SP500,2010-01-01,,"Tapestry, Inc.",Consumer Discretionary,"Apparel, Accessories & Luxury Goods",0001116132,seed:historical,,fja05680/sp500,2026-09-10 13:08:56.674362+00:00,2026-09-12 14:48:09.608581+00:00,0,False,2026-09-11
TRGP,SP500,2022-10-12,,Targa Resources,Energy,Oil & Gas Storage & Transportation,0001389170,seed:historical,,fja05680/sp500,2026-09-10 13:08:56.674362+00:00,2026-09-12 14:48:09.608581+00:00,0,False,2026-09-11
TRIP,SP500,2011-12-21,2019-12-23,,,,,seed:historical,seed:index_removal,fja05680/sp500,2026-09-10 13:08:56.674362+00:00,2026-09-10 13:08:56.674362+00:00,0,False,2026-09-11
TRMB,SP500,2021-01-21,,Trimble Inc.,Information Technology,Application Software,0000864749,seed:historical,,fja05680/sp500,2026-09-10 13:08:56.674362+00:00,2026-09-12 14:48:09.608581+00:00,0,False,2026-09-11
TROW,SP500,2010-01-01,,T. Rowe Price,Financials,Asset Management & Custody Banks,0001113169,seed:historical,,fja05680/sp500,2026-09-10 13:08:56.674362+00:00,2026-09-12 14:48:09.608581+00:00,0,False,2026-09-11
TRV,SP500,2010-01-01,,Travelers Companies (The),Financials,Property & Casualty Insurance,0000086312,seed:historical,,fja05680/sp500,2026-09-10 13:08:56.674362+00:00,2026-09-12 14:48:09.608581+00:00,0,False,2026-09-11
TSCO,SP500,2014-01-24,,Tractor Supply,Consumer Discretionary,Other Specialty Retail,0000916365,seed:historical,,fja05680/sp500,2026-09-10 13:08:56.674362+00:00,2026-09-12 14:48:09.608581+00:00,0,False,2026-09-11
TSLA,SP500,2020-12-21,,"Tesla, Inc.",Consumer Discretionary,Automobile Manufacturers,0001318605,seed:historical,,fja05680/sp500,2026-09-10 13:08:56.674362+00:00,2026-09-12 14:48:09.608581+00:00,0,False,2026-09-11
TSN,SP500,2010-01-01,,Tyson Foods,Consumer Staples,Packaged Foods & Meats,0000100493,seed:historical,,fja05680/sp500,2026-09-10 13:08:56.674362+00:00,2026-09-12 14:48:09.608581+00:00,0,False,2026-09-11
TSS,SP500,2010-01-01,2019-09-23,,,,,seed:historical,seed:index_removal,fja05680/sp500,2026-09-10 13:08:56.674362+00:00,2026-09-10 13:08:56.674362+00:00,4,False,
TT,SP500,2020-03-03,,Trane Technologies,Industrials,Building Products,0001466258,seed:historical,,fja05680/sp500,2026-09-10 13:08:56.674362+00:00,2026-09-12 14:48:09.608581+00:00,0,False,2026-09-11
TTD,SP500,2025-07-18,,Trade Desk (The),Communication Services,Advertising,0001671933,seed:historical,,fja05680/sp500,2026-09-10 13:08:56.674362+00:00,2026-09-12 14:48:09.608581+00:00,0,False,2026-09-11
TTWO,SP500,2018-03-19,,Take-Two Interactive,Communication Services,Interactive Home Entertainment,0000946581,seed:historical,,fja05680/sp500,2026-09-10 13:08:56.674362+00:00,2026-09-12 14:48:09.608581+00:00,0,False,2026-09-11
TWC,SP500,2010-01-01,2016-05-18,,,,,seed:historical,seed:index_removal,fja05680/sp500,2026-09-10 13:08:56.674362+00:00,2026-09-10 13:08:56.674362+00:00,4,False,
TWTR,SP500,2018-06-07,2022-11-01,,,,,seed:historical,seed:index_removal,fja05680/sp500,2026-09-10 13:08:56.674362+00:00,2026-09-10 13:08:56.674362+00:00,4,False,
TWX,SP500,2010-01-01,2018-06-15,,,,,seed:historical,seed:index_removal,fja05680/sp500,2026-09-10 13:08:56.674362+00:00,2026-09-10 13:08:56.674362+00:00,4,False,
TXN,SP500,2010-01-01,,Texas Instruments,Information Technology,Semiconductors,0000097476,seed:historical,,fja05680/sp500,2026-09-10 13:08:56.674362+00:00,2026-09-12 14:48:09.608581+00:00,0,False,2026-09-11
TXT,SP500,2010-01-01,,Textron,Industrials,Aerospace & Defense,0000217346,seed:historical,,fja05680/sp500,2026-09-10 13:08:56.674362+00:00,2026-09-12 14:48:09.608581+00:00,0,False,2026-09-11
TYL,SP500,2020-06-22,,Tyler Technologies,Information Technology,Application Software,0000860731,seed:historical,,fja05680/sp500,2026-09-10 13:08:56.674362+00:00,2026-09-12 14:48:09.608581+00:00,0,False,2026-09-11
UA,SP500,2016-04-08,2022-06-21,,,,,seed:historical,seed:index_removal,fja05680/sp500,2026-09-10 13:08:56.674362+00:00,2026-09-10 13:08:56.674362+00:00,0,False,2026-09-11
UAA,SP500,2014-05-01,2022-06-21,,,,,seed:historical,seed:index_removal,fja05680/sp500,2026-09-10 13:08:56.674362+00:00,2026-09-10 13:08:56.674362+00:00,0,False,2026-09-11
UAL,SP500,2015-09-03,,United Airlines Holdings,Industrials,Passenger Airlines,0000100517,seed:historical,,fja05680/sp500,2026-09-10 13:08:56.674362+00:00,2026-09-12 14:48:09.608581+00:00,0,False,2026-09-11
UBER,SP500,2023-12-18,,Uber,Industrials,Passenger Ground Transportation,0001543151,seed:historical,,fja05680/sp500,2026-09-10 13:08:56.674362+00:00,2026-09-12 14:48:09.608581+00:00,0,False,2026-09-11
UDR,SP500,2016-03-07,,"UDR, Inc.",Real Estate,Multi-Family Residential REITs,0000074208,seed:historical,,fja05680/sp500,2026-09-10 13:08:56.674362+00:00,2026-09-12 14:48:09.608581+00:00,0,False,2026-09-11
UHS,SP500,2014-09-22,,Universal Health Services,Health Care,Health Care Facilities,0000352915,seed:historical,,fja05680/sp500,2026-09-10 13:08:56.674362+00:00,2026-09-12 14:48:09.608581+00:00,0,False,2026-09-11
ULTA,SP500,2016-04-18,,Ulta Beauty,Consumer Discretionary,Other Specialty Retail,0001403568,seed:historical,,fja05680/sp500,2026-09-10 13:08:56.674362+00:00,2026-09-12 14:48:09.608581+00:00,0,False,2026-09-11
UNG,ETF,2010-01-01,,United States Natural Gas Fund,,,,config:static_universe,,config,2026-09-10 23:35:33.049470+00:00,2026-09-10 23:35:33.049470+00:00,0,False,2026-09-11
UNH,SP500,2010-01-01,,UnitedHealth Group,Health Care,Managed Health Care,0000731766,seed:historical,,fja05680/sp500,2026-09-10 13:08:56.674362+00:00,2026-09-12 14:48:09.608581+00:00,0,False,2026-09-11
UNM,SP500,2010-01-01,2021-09-20,,,,,seed:historical,seed:index_removal,fja05680/sp500,2026-09-10 13:08:56.674362+00:00,2026-09-10 13:08:56.674362+00:00,0,False,2026-09-11
UNP,SP500,2010-01-01,,Union Pacific Corporation,Industrials,Rail Transportation,0000100885,seed:historical,,fja05680/sp500,2026-09-10 13:08:56.674362+00:00,2026-09-12 14:48:09.608581+00:00,0,False,2026-09-11
UPS,SP500,2010-01-01,,United Parcel Service,Industrials,Air Freight & Logistics,0001090727,seed:historical,,fja05680/sp500,2026-09-10 13:08:56.674362+00:00,2026-09-12 14:48:09.608581+00:00,0,False,2026-09-11
URBN,SP500,2010-02-08,2017-03-20,,,,,seed:historical,seed:index_removal,fja05680/sp500,2026-09-10 13:08:56.674362+00:00,2026-09-10 13:08:56.674362+00:00,0,False,2026-09-11
URI,SP500,2014-09-22,,United Rentals,Industrials,Trading Companies & Distributors,0001067701,seed:historical,,fja05680/sp500,2026-09-10 13:08:56.674362+00:00,2026-09-12 14:48:09.608581+00:00,0,False,2026-09-11
USB,SP500,2010-01-01,,U.S. Bancorp,Financials,Diversified Banks,0000036104,seed:historical,,fja05680/sp500,2026-09-10 13:08:56.674362+00:00,2026-09-12 14:48:09.608581+00:00,0,False,2026-09-11
USMV,ETF,2010-01-01,,iShares MSCI USA Min Volatility,,,,config:static_universe,,config,2026-09-10 23:35:33.049470+00:00,2026-09-10 23:35:33.049470+00:00,0,False,2026-09-11
USO,ETF,2010-01-01,,United States Oil Fund,,,,config:static_universe,,config,2026-09-10 23:35:33.049470+00:00,2026-09-10 23:35:33.049470+00:00,0,False,2026-09-11
UTX,SP500,2010-01-01,2020-04-03,,,,,seed:historical,seed:index_removal,fja05680/sp500,2026-09-10 13:08:56.674362+00:00,2026-09-10 13:08:56.674362+00:00,4,False,
V,SP500,2010-01-01,,Visa Inc.,Financials,Transaction & Payment Processing Services,0001403161,seed:historical,,fja05680/sp500,2026-09-10 13:08:56.674362+00:00,2026-09-12 14:48:09.608581+00:00,0,False,2026-09-11
VAR,SP500,2010-01-01,2021-04-20,,,,,seed:historical,seed:index_removal,fja05680/sp500,2026-09-10 13:08:56.674362+00:00,2026-09-10 13:08:56.674362+00:00,4,False,
VEA,ETF,2010-01-01,,Vanguard FTSE Developed Markets,,,,config:static_universe,,config,2026-09-10 23:35:33.049470+00:00,2026-09-10 23:35:33.049470+00:00,0,False,2026-09-11
VEEV,SP500,2026-05-07,,Veeva Systems,Health Care,Health Care Technology,0001393052,seed:historical,,fja05680/sp500,2026-09-10 13:08:56.674362+00:00,2026-09-12 14:48:09.608581+00:00,0,False,2026-09-11
VFC,SP500,2010-01-01,2024-04-01,,,,,seed:historical,seed:index_removal,fja05680/sp500,2026-09-10 13:08:56.674362+00:00,2026-09-10 13:08:56.674362+00:00,0,False,2026-09-11
VIAB,SP500,2010-01-01,2019-12-05,,,,,seed:historical,seed:index_removal,fja05680/sp500,2026-09-10 13:08:56.674362+00:00,2026-09-10 13:08:56.674362+00:00,4,False,
VIAC,SP500,2019-12-05,2022-02-17,,,,,seed:historical,seed:index_removal,fja05680/sp500,2026-09-10 13:08:56.674362+00:00,2026-09-10 13:08:56.674362+00:00,4,False,
VIAV,SP500,2010-01-01,2013-12-23,,,,,seed:historical,seed:index_removal,fja05680/sp500,2026-09-10 13:08:56.674362+00:00,2026-09-10 13:08:56.674362+00:00,0,False,2026-09-11
VICI,SP500,2022-06-08,,Vici Properties,Real Estate,Hotel & Resort REITs,0001705696,seed:historical,,fja05680/sp500,2026-09-10 13:08:56.674362+00:00,2026-09-12 14:48:09.608581+00:00,0,False,2026-09-11
VLO,SP500,2010-01-01,,Valero Energy,Energy,Oil & Gas Refining & Marketing,0001035002,seed:historical,,fja05680/sp500,2026-09-10 13:08:56.674362+00:00,2026-09-12 14:48:09.608581+00:00,0,False,2026-09-11
VLTO,SP500,2023-10-02,,Veralto,Industrials,Environmental & Facilities Services,0001967680,seed:historical,,fja05680/sp500,2026-09-10 13:08:56.674362+00:00,2026-09-12 14:48:09.608581+00:00,0,False,2026-09-11
VLUE,ETF,2010-01-01,,iShares MSCI USA Value,,,,config:static_universe,,config,2026-09-10 23:35:33.049470+00:00,2026-09-10 23:35:33.049470+00:00,0,False,2026-09-11
VMC,SP500,2010-01-01,,Vulcan Materials Company,Materials,Construction Materials,0001396009,seed:historical,,fja05680/sp500,2026-09-10 13:08:56.674362+00:00,2026-09-12 14:48:09.608581+00:00,0,False,2026-09-11
VMRK,SP500,2026-08-18,,Vivmark Residential,Real Estate,Multi-Family Residential REITs,0000906107,seed:historical,,fja05680/sp500,2026-09-10 13:08:56.674362+00:00,2026-09-12 14:48:09.608581+00:00,0,False,2026-09-11
VNO,SP500,2010-01-01,2023-01-04,,,,,seed:historical,seed:index_removal,fja05680/sp500,2026-09-10 13:08:56.674362+00:00,2026-09-10 13:08:56.674362+00:00,0,False,2026-09-11
VNQ,ETF,2010-01-01,,Vanguard Real Estate,,,,config:static_universe,,config,2026-09-10 23:35:33.049470+00:00,2026-09-10 23:35:33.049470+00:00,0,False,2026-09-11
VNT,SP500,2020-10-12,2021-03-22,,,,,seed:historical,seed:index_removal,fja05680/sp500,2026-09-10 13:08:56.674362+00:00,2026-09-10 13:08:56.674362+00:00,0,False,2026-09-11
VOO,ETF,2010-01-01,,Vanguard S&P 500,,,,config:static_universe,,config,2026-09-10 23:35:33.049470+00:00,2026-09-10 23:35:33.049470+00:00,0,False,2026-09-11
VRSK,SP500,2015-10-08,,Verisk Analytics,Industrials,Research & Consulting Services,0001442145,seed:historical,,fja05680/sp500,2026-09-10 13:08:56.674362+00:00,2026-09-12 14:48:09.608581+00:00,0,False,2026-09-11
VRSN,SP500,2010-01-01,,Verisign,Information Technology,Internet Services & Infrastructure,0001014473,seed:historical,,fja05680/sp500,2026-09-10 13:08:56.674362+00:00,2026-09-12 14:48:09.608581+00:00,0,False,2026-09-11
VRT,SP500,2026-03-23,,Vertiv,Industrials,Electrical Components & Equipment,0001674101,seed:historical,,fja05680/sp500,2026-09-10 13:08:56.674362+00:00,2026-09-12 14:48:09.608581+00:00,0,False,2026-09-11
VRTX,SP500,2013-09-23,,Vertex Pharmaceuticals,Health Care,Biotechnology,0000875320,seed:historical,,fja05680/sp500,2026-09-10 13:08:56.674362+00:00,2026-09-12 14:48:09.608581+00:00,0,False,2026-09-11
VST,SP500,2024-05-08,,Vistra Corp.,Utilities,Electric Utilities,0001692819,seed:historical,,fja05680/sp500,2026-09-10 13:08:56.674362+00:00,2026-09-12 14:48:09.608581+00:00,0,False,2026-09-11
VTI,ETF,2010-01-01,,Vanguard Total Stock Market,,,,config:static_universe,,config,2026-09-10 23:35:33.049470+00:00,2026-09-10 23:35:33.049470+00:00,0,False,2026-09-11
VTR,SP500,2010-01-01,,Ventas,Real Estate,Health Care REITs,0000740260,seed:historical,,fja05680/sp500,2026-09-10 13:08:56.674362+00:00,2026-09-12 14:48:09.608581+00:00,0,False,2026-09-11
VTRS,SP500,2020-11-17,,Viatris,Health Care,Pharmaceuticals,0001792044,seed:historical,,fja05680/sp500,2026-09-10 13:08:56.674362+00:00,2026-09-12 14:48:09.608581+00:00,0,False,2026-09-11
VTV,ETF,2010-01-01,,Vanguard Value,,,,config:static_universe,,config,2026-09-10 23:35:33.049470+00:00,2026-09-10 23:35:33.049470+00:00,0,False,2026-09-11
VUG,ETF,2010-01-01,,Vanguard Growth,,,,config:static_universe,,config,2026-09-10 23:35:33.049470+00:00,2026-09-10 23:35:33.049470+00:00,0,False,2026-09-11
VWO,ETF,2010-01-01,,Vanguard FTSE Emerging Markets,,,,config:static_universe,,config,2026-09-10 23:35:33.049470+00:00,2026-09-10 23:35:33.049470+00:00,0,False,2026-09-11
VXX,ETF,2010-01-01,,iPath Series B S&P 500 VIX Short-Term Futures,,,,config:static_universe,,config,2026-09-10 23:35:33.049470+00:00,2026-09-10 23:35:33.049470+00:00,0,False,2026-09-11
VYM,ETF,2010-01-01,,Vanguard High Dividend Yield,,,,config:static_universe,,config,2026-09-10 23:35:33.049470+00:00,2026-09-10 23:35:33.049470+00:00,0,False,2026-09-11
VZ,SP500,2010-01-01,,Verizon,Communication Services,Integrated Telecommunication Services,0000732712,seed:historical,,fja05680/sp500,2026-09-10 13:08:56.674362+00:00,2026-09-12 14:48:09.608581+00:00,0,False,2026-09-11
WAB,SP500,2019-02-27,,Wabtec,Industrials,Construction Machinery & Heavy Transportation Equipment,0000943452,seed:historical,,fja05680/sp500,2026-09-10 13:08:56.674362+00:00,2026-09-12 14:48:09.608581+00:00,0,False,2026-09-11
WAT,SP500,2010-01-01,,Waters Corporation,Health Care,Life Sciences Tools & Services,0001000697,seed:historical,,fja05680/sp500,2026-09-10 13:08:56.674362+00:00,2026-09-12 14:48:09.608581+00:00,0,False,2026-09-11
WBA,SP500,2010-01-01,2025-08-28,,,,,seed:historical,seed:index_removal,fja05680/sp500,2026-09-10 13:08:56.674362+00:00,2026-09-10 13:08:56.674362+00:00,4,False,
WBD,SP500,2022-04-11,,Warner Bros. Discovery,Communication Services,Broadcasting,0001437107,seed:historical,,fja05680/sp500,2026-09-10 13:08:56.674362+00:00,2026-09-12 14:48:09.608581+00:00,0,False,2026-09-11
WCG,SP500,2018-09-17,2020-01-28,,,,,seed:historical,seed:index_removal,fja05680/sp500,2026-09-10 13:08:56.674362+00:00,2026-09-10 13:08:56.674362+00:00,4,False,
WDAY,SP500,2024-12-23,,"Workday, Inc.",Information Technology,Application Software,0001327811,seed:historical,,fja05680/sp500,2026-09-10 13:08:56.674362+00:00,2026-09-12 14:48:09.608581+00:00,0,False,2026-09-11
WDC,SP500,2010-01-01,,Western Digital,Information Technology,"Technology Hardware, Storage & Peripherals",0000106040,seed:historical,,fja05680/sp500,2026-09-10 13:08:56.674362+00:00,2026-09-12 14:48:09.608581+00:00,0,False,2026-09-11
WEC,SP500,2010-01-01,,WEC Energy Group,Utilities,Electric Utilities,0000783325,seed:historical,,fja05680/sp500,2026-09-10 13:08:56.674362+00:00,2026-09-12 14:48:09.608581+00:00,0,False,2026-09-11
WELL,SP500,2010-01-01,,Welltower,Real Estate,Health Care REITs,0000766704,seed:historical,,fja05680/sp500,2026-09-10 13:08:56.674362+00:00,2026-09-12 14:48:09.608581+00:00,0,False,2026-09-11
WFC,SP500,2010-01-01,,Wells Fargo,Financials,Diversified Banks,0000072971,seed:historical,,fja05680/sp500,2026-09-10 13:08:56.674362+00:00,2026-09-12 14:48:09.608581+00:00,0,False,2026-09-11
WFM,SP500,2010-01-01,2017-08-28,,,,,seed:historical,seed:index_removal,fja05680/sp500,2026-09-10 13:08:56.674362+00:00,2026-09-10 13:08:56.674362+00:00,4,False,
WHR,SP500,2010-01-01,2024-03-18,,,,,seed:historical,seed:index_removal,fja05680/sp500,2026-09-10 13:08:56.674362+00:00,2026-09-10 13:08:56.674362+00:00,0,False,2026-09-11
WIN,SP500,2010-01-01,2015-04-07,,,,,seed:historical,seed:index_removal,fja05680/sp500,2026-09-10 13:08:56.674362+00:00,2026-09-10 13:08:56.674362+00:00,4,False,
WLTW,SP500,2016-01-05,2022-01-10,,,,,seed:historical,seed:index_removal,fja05680/sp500,2026-09-10 13:08:56.674362+00:00,2026-09-10 13:08:56.674362+00:00,4,False,
WM,SP500,2010-01-01,,Waste Management,Industrials,Environmental & Facilities Services,0000823768,seed:historical,,fja05680/sp500,2026-09-10 13:08:56.674362+00:00,2026-09-12 14:48:09.608581+00:00,0,False,2026-09-11
WMB,SP500,2010-01-01,,Williams Companies,Energy,Oil & Gas Storage & Transportation,0000107263,seed:historical,,fja05680/sp500,2026-09-10 13:08:56.674362+00:00,2026-09-12 14:48:09.608581+00:00,0,False,2026-09-11
WMT,SP500,2010-01-01,,Walmart,Consumer Staples,Consumer Staples Merchandise Retail,0000104169,seed:historical,,fja05680/sp500,2026-09-10 13:08:56.674362+00:00,2026-09-12 14:48:09.608581+00:00,0,False,2026-09-11
WPX,SP500,2012-01-03,2014-03-24,,,,,seed:historical,seed:index_removal,fja05680/sp500,2026-09-10 13:08:56.674362+00:00,2026-09-10 13:08:56.674362+00:00,4,False,
WRB,SP500,2019-12-05,,W. R. Berkley Corporation,Financials,Property & Casualty Insurance,0000011544,seed:historical,,fja05680/sp500,2026-09-10 13:08:56.674362+00:00,2026-09-12 14:48:09.608581+00:00,0,False,2026-09-11
WRK,SP500,2015-07-02,2024-07-08,,,,,seed:historical,seed:index_removal,fja05680/sp500,2026-09-10 13:08:56.674362+00:00,2026-09-10 13:08:56.674362+00:00,4,False,
WSM,SP500,2025-03-24,,"Williams-Sonoma, Inc.",Consumer Discretionary,Homefurnishing Retail,0000719955,seed:historical,,fja05680/sp500,2026-09-10 13:08:56.674362+00:00,2026-09-12 14:48:09.608581+00:00,0,False,2026-09-11
WST,SP500,2020-05-22,,West Pharmaceutical Services,Health Care,Health Care Supplies,0000105770,seed:historical,,fja05680/sp500,2026-09-10 13:08:56.674362+00:00,2026-09-12 14:48:09.608581+00:00,0,False,2026-09-11
WTW,SP500,2022-01-10,,Willis Towers Watson,Financials,Insurance Brokers,0001140536,seed:historical,,fja05680/sp500,2026-09-10 13:08:56.674362+00:00,2026-09-12 14:48:09.608581+00:00,0,False,2026-09-11
WU,SP500,2010-01-01,2021-12-20,,,,,seed:historical,seed:index_removal,fja05680/sp500,2026-09-10 13:08:56.674362+00:00,2026-09-10 13:08:56.674362+00:00,0,False,2026-09-11
WY,SP500,2010-01-01,,Weyerhaeuser,Real Estate,Timber REITs,0000106535,seed:historical,,fja05680/sp500,2026-09-10 13:08:56.674362+00:00,2026-09-12 14:48:09.608581+00:00,0,False,2026-09-11
WYND,SP500,2010-01-01,2018-05-31,,,,,seed:historical,seed:index_removal,fja05680/sp500,2026-09-10 13:08:56.674362+00:00,2026-09-10 13:08:56.674362+00:00,4,False,
WYNN,SP500,2010-01-01,,Wynn Resorts,Consumer Discretionary,Casinos & Gaming,0001174922,seed:historical,,fja05680/sp500,2026-09-10 13:08:56.674362+00:00,2026-09-12 14:48:09.608581+00:00,0,False,2026-09-11
X,SP500,2010-01-01,2014-07-02,,,,,seed:historical,seed:index_removal,fja05680/sp500,2026-09-10 13:08:56.674362+00:00,2026-09-10 13:08:56.674362+00:00,4,False,
XBI,ETF,2010-01-01,,SPDR S&P Biotech,,,,config:static_universe,,config,2026-09-10 23:35:33.049470+00:00,2026-09-10 23:35:33.049470+00:00,0,False,2026-09-11
XEC,SP500,2014-06-20,2020-03-03,,,,,seed:historical,seed:index_removal,fja05680/sp500,2026-09-10 13:08:56.674362+00:00,2026-09-10 13:08:56.674362+00:00,4,False,
XEL,SP500,2010-01-01,,Xcel Energy,Utilities,Multi-Utilities,0000072903,seed:historical,,fja05680/sp500,2026-09-10 13:08:56.674362+00:00,2026-09-12 14:48:09.608581+00:00,0,False,2026-09-11
XL,SP500,2010-01-01,2018-09-12,,,,,seed:historical,seed:index_removal,fja05680/sp500,2026-09-10 13:08:56.674362+00:00,2026-09-10 13:08:56.674362+00:00,4,False,
XLB,ETF,2010-01-01,,Materials,,,,config:static_universe,,config,2026-09-10 23:35:33.049470+00:00,2026-09-10 23:35:33.049470+00:00,0,False,2026-09-11
XLC,ETF,2010-01-01,,Communication Services,,,,config:static_universe,,config,2026-09-10 23:35:33.049470+00:00,2026-09-10 23:35:33.049470+00:00,0,False,2026-09-11
XLE,ETF,2010-01-01,,Energy,,,,config:static_universe,,config,2026-09-10 23:35:33.049470+00:00,2026-09-10 23:35:33.049470+00:00,0,False,2026-09-11
XLF,ETF,2010-01-01,,Financials,,,,config:static_universe,,config,2026-09-10 23:35:33.049470+00:00,2026-09-10 23:35:33.049470+00:00,0,False,2026-09-11
XLI,ETF,2010-01-01,,Industrials,,,,config:static_universe,,config,2026-09-10 23:35:33.049470+00:00,2026-09-10 23:35:33.049470+00:00,0,False,2026-09-11
XLK,ETF,2010-01-01,,Technology,,,,config:static_universe,,config,2026-09-10 23:35:33.049470+00:00,2026-09-10 23:35:33.049470+00:00,0,False,2026-09-11
XLNX,SP500,2010-01-01,2022-02-15,,,,,seed:historical,seed:index_removal,fja05680/sp500,2026-09-10 13:08:56.674362+00:00,2026-09-10 13:08:56.674362+00:00,4,False,
XLP,ETF,2010-01-01,,Consumer Staples,,,,config:static_universe,,config,2026-09-10 23:35:33.049470+00:00,2026-09-10 23:35:33.049470+00:00,0,False,2026-09-11
XLRE,ETF,2010-01-01,,Real Estate,,,,config:static_universe,,config,2026-09-10 23:35:33.049470+00:00,2026-09-10 23:35:33.049470+00:00,0,False,2026-09-11
XLU,ETF,2010-01-01,,Utilities,,,,config:static_universe,,config,2026-09-10 23:35:33.049470+00:00,2026-09-10 23:35:33.049470+00:00,0,False,2026-09-11
XLV,ETF,2010-01-01,,Health Care,,,,config:static_universe,,config,2026-09-10 23:35:33.049470+00:00,2026-09-10 23:35:33.049470+00:00,0,False,2026-09-11
XLY,ETF,2010-01-01,,Consumer Discretionary,,,,config:static_universe,,config,2026-09-10 23:35:33.049470+00:00,2026-09-10 23:35:33.049470+00:00,0,False,2026-09-11
XOM,SP500,2010-01-01,,ExxonMobil,Energy,Integrated Oil & Gas,0002115436,seed:historical,,fja05680/sp500,2026-09-10 13:08:56.674362+00:00,2026-09-12 14:48:09.608581+00:00,0,False,2026-09-11
XOP,ETF,2010-01-01,,SPDR S&P Oil & Gas Exploration,,,,config:static_universe,,config,2026-09-10 23:35:33.049470+00:00,2026-09-10 23:35:33.049470+00:00,0,False,2026-09-11
XRAY,SP500,2010-01-01,2024-04-02,,,,,seed:historical,seed:index_removal,fja05680/sp500,2026-09-10 13:08:56.674362+00:00,2026-09-10 13:08:56.674362+00:00,0,False,2026-09-11
XRT,ETF,2010-01-01,,SPDR S&P Retail,,,,config:static_universe,,config,2026-09-10 23:35:33.049470+00:00,2026-09-10 23:35:33.049470+00:00,0,False,2026-09-11
XRX,SP500,2010-01-01,2021-03-22,,,,,seed:historical,seed:index_removal,fja05680/sp500,2026-09-10 13:08:56.674362+00:00,2026-09-10 13:08:56.674362+00:00,0,False,2026-09-11
XTO,SP500,2010-01-01,2010-06-28,,,,,seed:historical,seed:index_removal,fja05680/sp500,2026-09-10 13:08:56.674362+00:00,2026-09-10 13:08:56.674362+00:00,4,False,
XYL,SP500,2011-11-01,,Xylem Inc.,Industrials,Industrial Machinery & Supplies & Components,0001524472,seed:historical,,fja05680/sp500,2026-09-10 13:08:56.674362+00:00,2026-09-12 14:48:09.608581+00:00,0,False,2026-09-11
XYZ,SP500,2025-07-23,,"Block, Inc.",Financials,Transaction & Payment Processing Services,0001512673,seed:historical,,fja05680/sp500,2026-09-10 13:08:56.674362+00:00,2026-09-12 14:48:09.608581+00:00,0,False,2026-09-11
YUM,SP500,2010-01-01,,Yum! Brands,Consumer Discretionary,Restaurants,0001041061,seed:historical,,fja05680/sp500,2026-09-10 13:08:56.674362+00:00,2026-09-12 14:48:09.608581+00:00,0,False,2026-09-11
ZBH,SP500,2010-01-01,,Zimmer Biomet,Health Care,Health Care Equipment,0001136869,seed:historical,,fja05680/sp500,2026-09-10 13:08:56.674362+00:00,2026-09-12 14:48:09.608581+00:00,0,False,2026-09-11
ZBRA,SP500,2019-12-23,,Zebra Technologies,Information Technology,Electronic Equipment & Instruments,0000877212,seed:historical,,fja05680/sp500,2026-09-10 13:08:56.674362+00:00,2026-09-12 14:48:09.608581+00:00,0,False,2026-09-11
ZION,SP500,2010-01-01,2024-03-18,,,,,seed:historical,seed:index_removal,fja05680/sp500,2026-09-10 13:08:56.674362+00:00,2026-09-10 13:08:56.674362+00:00,0,False,2026-09-11
ZTS,SP500,2013-06-24,,Zoetis,Health Care,Pharmaceuticals,0001555280,seed:historical,,fja05680/sp500,2026-09-10 13:08:56.674362+00:00,2026-09-12 14:48:09.608581+00:00,0,False,2026-09-11
